segment,symbol,sleeve,gross_return_contribution,long_return_contribution,short_return_contribution,average_absolute_weight,long_sessions,short_sessions
train,SPY,equity,1.7092946982736428e-13,1.7672621468796914e-13,-5.796744860604804e-15,4.804171670172297e-13,1507,750
train,QQQ,equity,3.3793055941777497e-13,4.3065347823608517e-13,-9.27229188183103e-14,5.296737956489765e-13,1467,790
train,IWM,equity,2.1414340252059338e-13,4.0827479181546106e-13,-1.9413138929486772e-13,4.2710146912322684e-13,1307,950
train,XLC,equity,0.0,0.0,0.0,0.0,0,0
train,XLY,equity,3.5840656899252237e-13,4.73774164311979e-13,-1.1536759531945669e-13,6.039565906088042e-13,1467,790
train,XLP,equity,0.060701986736939245,0.06070198673700461,-6.537005937364546e-14,0.04809212714153004,1860,397
train,XLE,equity,4.771752168359519e-13,1.8530126957698215e-13,2.9187394725896973e-13,5.08749352196701e-13,907,1350
train,XLF,equity,5.0034312741714055e-14,2.13789466943858e-13,-1.6375515420214398e-13,3.6041473371114766e-13,1347,910
train,XLV,equity,2.3289050335592417e-13,3.2631374511613295e-13,-9.342324176020876e-14,4.5363347080629163e-13,1440,817
train,XLI,equity,1.2858057456374268e-13,1.3631594873397312e-13,-7.735374170230378e-15,4.82022502919398e-13,1437,820
train,XLB,equity,2.9737436421100216e-13,3.135403494681545e-13,-1.6165985257152454e-14,4.405041782496284e-13,1137,1120
train,XLK,equity,2.867613512984844e-13,3.6309644650287617e-13,-7.633509520439178e-14,3.811746857246752e-13,1237,1020
train,XLU,equity,3.0324267169671325e-13,2.563373997008816e-13,4.6905271995831626e-14,4.205401858089635e-13,1320,937
train,EFA,equity,1.6558799095312118e-13,1.0975014915866116e-13,5.583784179446001e-14,3.411383916301431e-13,1400,857
train,EEM,equity,1.5597122376323886e-13,1.7365999035600069e-13,-1.7688766592761854e-14,3.733366988642456e-13,1290,967
train,EWJ,equity,-3.816903927542987e-14,3.551237961598629e-14,-7.368141889141613e-14,3.7702743710611107e-13,1187,1070
train,EWU,equity,2.402820974191633e-13,1.5566290954535617e-13,8.461918787380716e-14,3.6454650111141444e-13,1310,947
train,EWZ,equity,1.4683183649052115e-13,1.1333810634456301e-13,3.349373014595806e-14,3.751238552015771e-13,627,1630
train,FXI,equity,-1.207398999385588e-13,-1.4239418162803462e-15,-1.1931595812227844e-13,3.364366235159829e-13,1240,1017
train,INDA,equity,2.5399865800222064e-14,4.4313243212426994e-14,-1.8913377412204924e-14,1.3126680383207406e-13,440,537
train,VNQ,equity,2.1481997593539637e-13,2.0163852596690597e-13,1.3181449968490426e-14,4.946312967680196e-13,1467,790
train,BIL,rates,0.0009984489678012422,0.0007588418652457133,0.0002396071025555288,0.09218560337499503,997,1160
train,SHY,rates,0.011732762793472327,0.011732762793472327,0.0,0.09942449350770935,2257,0
train,IEF,rates,0.00012104288145515001,0.00012104288143113866,2.4011361952445172e-14,0.0006844888824661467,1770,487
train,TLT,rates,-7.898104162544847e-14,9.391101255462312e-14,-1.7289205418007155e-13,3.4950833323454693e-13,870,1387
train,TIP,rates,0.02480761467280219,0.02480761467278761,1.4583201994458218e-14,0.07398712960227412,1997,260
train,GOVT,rates,0.0002635807280987901,0.00026358072810063617,-1.8460568113028886e-15,0.002416769783542805,887,80
train,LQD,credit,0.03837547481379444,0.03837547481381699,-2.255544057290404e-14,0.07997156921174049,2057,200
train,HYG,credit,0.023318685457149147,0.023318685457121017,2.8129481271503382e-14,0.0525525323996571,1857,340
train,EMB,credit,0.04150427268579263,0.04150427268581092,-1.8283766694884757e-14,0.07905289444176566,1987,30
train,MUB,credit,0.024521163502811603,0.024521163502812925,-1.3217159031537835e-15,0.07970111269319397,2027,50
train,GLD,metals,5.248119269687174e-13,5.735348530418595e-13,-4.872292607314223e-14,6.395248397349383e-13,760,1497
train,SLV,metals,5.58638166258412e-13,7.070457472650279e-13,-1.4840758100661588e-13,6.235755702924658e-13,760,1497
train,DBC,commodity,3.5550523809372327e-13,1.0547814425067359e-13,2.500270938430498e-13,3.685888555814684e-13,830,1427
train,PDBC,commodity,4.813920321736104e-14,4.56781541072351e-15,4.3571387806637526e-14,4.6750565583038565e-14,50,237
train,USO,commodity,4.3518207756345504e-13,1.136571740385319e-13,3.2152490352492313e-13,3.7216732826320463e-13,870,1327
train,UNG,commodity,5.768441891704088e-13,-1.512549870251512e-13,7.280991761955602e-13,3.927087865224591e-13,540,1647
train,DBA,commodity,4.493644626518623e-13,-3.623374789456128e-14,4.855982105464236e-13,4.924299301021022e-13,610,1587
train,CPER,commodity,-1.4611599687456604e-13,-5.788044187312639e-14,-8.823555500143964e-14,5.604322548421119e-14,747,270
train,CORN,commodity,2.7939023278295527e-13,1.2029925313593002e-14,2.6736030746936223e-13,2.7546507263337697e-13,220,1177
train,WEAT,commodity,4.697003038266841e-13,-1.4789069692492032e-14,4.844893735191762e-13,1.548604842741943e-13,120,957
train,UUP,usd,-0.00014035774867052529,-1.0680921308652236e-13,-0.00014035774856371608,6.522563681252334e-05,1047,1150
train,FXE,usd,5.35733703580873e-14,-5.909247096323393e-14,1.1266584132132122e-13,2.727612721233619e-13,1070,1127
train,FXY,usd,3.632484398450783e-14,1.8295536772678878e-13,-1.46630523742281e-13,4.3778205614648237e-13,1290,907
train,FXB,usd,-0.0014746846885992158,-0.0014746846887873945,1.8817859546037621e-13,0.001399645377258018,1550,707
development,SPY,equity,0.04375999436500752,0.04375999436500989,-2.361162760169641e-15,0.07984164193939332,977,30
development,QQQ,equity,0.009244811480766895,0.009244811481669626,-9.027323265136993e-13,0.008930096455578266,747,260
development,IWM,equity,6.332865611266023e-12,7.0018629471746656e-12,-6.689973359086385e-13,1.3332028120144616e-11,647,360
development,XLC,equity,1.2816431175397523e-11,1.3235276562715252e-11,-4.1884538731773006e-13,6.032714666169008e-12,304,80
development,XLY,equity,2.290320177467146e-11,2.3122922835500557e-11,-2.1972106082909837e-13,2.298271948494273e-11,737,270
development,XLP,equity,1.3748299004446194e-11,1.388839313105166e-11,-1.4009412660547e-13,2.7075071904623627e-11,694,313
development,XLE,equity,4.013452915060202e-12,3.7812621891695825e-12,2.3219072589061953e-13,1.0188135816722077e-11,577,430
development,XLF,equity,-1.2719099317264428e-12,-3.465508701715247e-14,-1.2372548447092902e-12,1.1037652008257928e-11,627,380
development,XLV,equity,9.56091639282835e-12,1.0347791885587417e-11,-7.868754927590656e-13,1.5259430369620404e-11,634,373
development,XLI,equity,7.0722955278330135e-12,7.621506052370645e-12,-5.492105245376305e-13,1.2045265545277248e-11,707,300
development,XLB,equity,6.529410742933463e-12,7.020914975485948e-12,-4.915042325524825e-13,1.1960487330331539e-11,707,300
development,XLK,equity,0.006589207532389461,0.006589207533272077,-8.826162956883068e-13,0.009900021063261202,837,170
development,XLU,equity,1.5299571859753582e-11,1.5487687462059354e-11,-1.8811560230577037e-13,3.1297664621452645e-11,774,233
development,EFA,equity,2.2458520709168492e-12,3.0002397786771123e-12,-7.543877077602643e-13,1.3657873910493188e-11,704,303
development,EEM,equity,9.15130343681519e-12,9.537164360514958e-12,-3.858609236997708e-13,1.2330031303962424e-11,664,343
development,EWJ,equity,3.966121835814977e-12,4.687071863735996e-12,-7.209500279210186e-13,1.4251557267143546e-11,677,330
development,EWU,equity,-9.22412537908551e-13,-4.767113671299301e-13,-4.457011707786228e-13,1.215615210309801e-11,714,293
development,EWZ,equity,8.875716053360486e-12,9.768715268681388e-12,-8.929992153209028e-13,1.1350906250224805e-11,597,410
development,FXI,equity,4.625316832633738e-12,4.67831220902407e-12,-5.299537639033161e-14,1.095635799732831e-11,634,373
development,INDA,equity,8.009846205891768e-12,8.745288747230001e-12,-7.354425413382329e-13,1.2245106535698681e-11,634,373
development,VNQ,equity,1.2776147184900822e-11,1.3010388992294396e-11,-2.342418073935748e-13,1.9996455935335422e-11,697,310
development,BIL,rates,0.004818886970613771,0.004818886970613771,0.0,0.09995461608230437,1007,0
development,SHY,rates,0.0062627961198334844,0.007132394608521538,-0.0008695984886880539,0.09354120528721785,737,270
development,IEF,rates,-0.0012321167228934319,-0.0012321167227816383,-1.1179369258653421e-13,0.007423187124023633,524,483
development,TLT,rates,6.511908908690399e-12,6.714980578218424e-12,-2.0307166952802548e-13,1.9743836463944372e-11,664,343
development,TIP,rates,0.002079398851372691,0.0020793988513885292,-1.5837877221294435e-14,0.012219283742516187,917,90
development,GOVT,rates,0.0003811301902907024,0.0003811301903647508,-7.404840068539596e-14,0.0032558533036918923,667,340
development,LQD,credit,0.025041238856505398,0.025041238856505398,0.0,0.06202779649878543,1007,0
development,HYG,credit,0.0165712175246165,0.016571217524616027,4.723500562695039e-16,0.08808163857180884,997,10
development,EMB,credit,0.021528804482055852,0.021528804482055852,0.0,0.0908833814587893,1007,0
development,MUB,credit,0.014286311276663213,0.014286311276697914,-3.470169691697951e-14,0.08566971500381179,957,50
development,GLD,metals,5.864288422984344e-12,5.94306848866434e-12,-7.878006567999611e-14,1.591033540566026e-11,674,333
development,SLV,metals,1.4257994720840142e-11,1.407765411731122e-11,1.803406035289191e-13,7.652631622311888e-12,544,463
development,DBC,commodity,-2.5335258305239336e-12,-2.312700655254754e-12,-2.2082517526918021e-13,1.4073557452509318e-11,714,293
development,PDBC,commodity,-2.593170114021988e-12,-2.4046020460337304e-12,-1.8856806798825902e-13,1.4072755597175972e-11,724,283
development,USO,commodity,-1.0844842567603415e-11,-1.0603693534444462e-11,-2.411490331589525e-13,1.1041507159268933e-11,704,303
development,UNG,commodity,-4.659667535763019e-12,-6.502780797610695e-12,1.8431132618476757e-12,9.502476613423748e-12,580,427
development,DBA,commodity,-3.3885678784227784e-12,-3.387714154211358e-12,-8.537242114203922e-16,5.852278561494971e-12,564,443
development,CPER,commodity,6.105667240234299e-12,6.370556061265756e-12,-2.648888210314569e-13,1.2974035783224294e-11,607,400
development,CORN,commodity,-0.0001277632030315519,-4.335479819719513e-12,-0.00012776319869607208,0.0006602553767129323,370,637
development,WEAT,commodity,-7.805666410718893e-12,-7.552755960057951e-12,-2.529104506609428e-13,1.0030040930310304e-11,584,423
development,UUP,usd,0.0034769858783656495,6.130115778051902e-12,0.0034769858722355335,0.007927457765048893,583,424
development,FXE,usd,-0.0051521826130367125,-5.260899359363203e-13,-0.005152182612510623,0.02839403775992026,180,827
development,FXY,usd,-3.3165956788707966e-05,-6.96124737511296e-13,-3.316595609258323e-05,0.00031574261132888247,524,483
development,FXB,usd,4.3742471920806496e-13,5.542599813427761e-13,-1.1683526213471113e-13,8.664744088309806e-12,614,393
