session,eligible_assets,gross,net,turnover,turnover_limit,forecast_volatility,optimizer_converged,optimizer_status,risk_scaler,net_budget_ratio,maximum_factor_budget_ratio,maximum_sleeve_budget_ratio,exposure_equity,exposure_duration,exposure_credit,exposure_commodity,exposure_usd
2008-01-15,31,0.1000000000313277,0.09999999996026054,0.1000000000313277,0.25,0.0024223189322670558,True,0,1.0,0.16666666660043425,0.013333333326491292,0.1666666666672671,-1.8575302911988896e-11,0.006666666663245646,-4.771294470629073e-13,-3.1573558582446516e-12,6.597722368439918e-12
2008-01-30,31,0.10000000003512015,0.09999999996487986,0.0005679082143423969,0.25,0.0025177377517267775,True,0,1.0,0.16666666660813312,0.013333333327070793,0.16666666667427135,-1.8034091146204688e-11,0.006666666663535397,-4.792641966365021e-13,-3.2026923103121352e-12,6.585419998028961e-12
2008-02-13,31,0.1000000000354571,0.09999999996454291,0.0005734631888356795,0.25,0.0024742492859633194,True,0,1.0,0.1666666666075715,0.013333333327141945,0.16666666667421626,-1.8372340359307765e-11,0.006666666663570972,-4.725502333418169e-13,-3.2623798297896782e-12,6.5921329664116125e-12
2008-02-28,32,0.1000000000365861,0.09999999996341391,0.00012898960995352815,0.25,0.0024936997479945815,True,0,1.0,0.16666666660568985,0.013333333327102,0.16666666667428032,-1.8639004129259504e-11,0.006666666663551,-4.740536490512208e-13,-3.6171930828837046e-12,6.9826342518688814e-12
2008-03-13,33,0.10000000003622359,0.09999999996377643,0.00035722137356625216,0.25,0.002622084310754487,True,0,1.0,0.16666666660629406,0.013333333327053847,0.1666666666743942,-1.794623392179155e-11,0.006666666663526923,-4.641561050549192e-13,-3.781902515734608e-12,7.033770232734159e-12
2008-03-28,33,0.10000000003561933,0.09999999996438068,0.00016042530196105909,0.25,0.0027673287248695727,True,0,1.0,0.16666666660730114,0.01333333332699372,0.16666666667442634,-1.7879748638591534e-11,0.00666666666349686,-4.72677977798288e-13,-3.5082584044183175e-12,6.831261239056113e-12
2008-04-11,34,0.10000000002558089,0.0999999999737242,0.00011142299002830924,0.25,0.0028269800961332465,True,0,1.0,0.1666666666228737,0.013333333331451461,0.16666666666672347,-1.97492044587676e-11,0.0066666666657257305,-5.76946555207124e-13,-2.6549424924291047e-13,3.6097725732011525e-12
2008-04-25,35,0.10000000002274352,0.09999999999517706,0.0008692632863590705,0.25,0.002863093289420605,True,0,1.0,0.16666666665862845,0.013333333335100216,0.16666666667021418,-1.1434701017172488e-11,0.006666666667550108,2.0503274348452854e-13,2.1734466096475596e-12,-1.8527260292368244e-12
2008-05-09,35,0.10000000002287243,0.09999999999531545,0.00033781318384955294,0.25,0.0028299686878621214,True,0,1.0,0.1666666666588591,0.013333333335117829,0.16666666667025623,-1.143412217058025e-11,0.006666666667558914,2.0376344274641373e-13,2.260593265483061e-12,-1.8719383231595446e-12
2008-05-23,35,0.09976227544599586,0.09976227541836084,0.0,0.25,0.0027531428453555456,True,0,1.0,0.16627045903060142,0.013301636724845552,0.16627045904185023,-1.148152696926891e-11,0.006650818362422776,2.03919082478852e-13,2.3167208199871493e-12,-1.922282159792313e-12
2008-06-09,36,0.129231289537121,0.12923128946970472,0.02981235897492751,0.25,0.0028291083158894833,True,0,1.0,0.21538548244950786,0.013723083857026256,0.21538548250753517,-2.5271620785630162e-11,0.006861541928513128,-9.747550558395833e-13,-9.228716161021403e-13,3.54095946694845e-12
2008-06-23,36,0.15826160896514066,0.15826160896514066,0.029163779828886495,0.25,0.002866812375342372,True,0,1.0,0.26376934827523446,0.014087424568287241,0.2637693481938057,1.97920303783038e-11,0.007043712284143621,2.255901192559728e-12,9.044007333738846e-12,-1.3816478690014313e-11
2008-07-08,36,0.19128780289688682,0.19128780289688682,0.03351330075899482,0.25,0.0029130416258209757,True,0,1.0,0.31881300482814473,0.014550504049765104,0.3188130047396939,2.1638059104242183e-11,0.007275252024882552,2.4551436192786147e-12,9.525931316429668e-12,-1.4888370049207206e-11
2008-07-22,36,0.19977022057783708,0.19977022057783708,0.008562172317631928,0.25,0.0029000104082306083,True,0,1.0,0.33295036762972846,0.014636029415200279,0.3329503675829569,8.694113442423781e-12,0.007318014707600139,1.3777955656650906e-12,5.6636406922699514e-12,-9.845575408139147e-12
2008-08-05,36,0.20000000003355553,0.20000000003355553,0.00015785287627910483,0.25,0.002891443795923931,True,0,1.0,0.33333333338925925,0.014666666674426202,0.33333333334459725,8.363734713684335e-12,0.007333333337213101,1.3743179621172421e-12,5.160564221610194e-12,-9.434781086483427e-12
2008-08-19,36,0.20000000003272878,0.20000000003272878,0.00040997330191691606,0.25,0.002902784144831836,True,0,1.0,0.3333333333878813,0.014666666674547654,0.3333333333447682,8.158431941199867e-12,0.007333333337273827,1.3739763208941296e-12,4.928625840698585e-12,-8.973722609913785e-12
2008-09-03,36,0.20000000003228915,0.20000000003228915,0.00023599265114550294,0.25,0.002809268560199269,True,0,1.0,0.3333333333871486,0.014666666674627094,0.3333333333448684,8.089660435216298e-12,0.007333333337313547,1.3750012037320412e-12,4.678769305515437e-12,-8.758389248764522e-12
2008-09-17,37,0.20000000003094187,0.20000000003094187,0.0014357907856630409,0.25,0.0029743109030765033,True,0,1.0,0.3333333333849031,0.014666666674626976,0.33333333334502874,7.075155900753626e-12,0.007333333337313488,1.211397319998688e-12,4.4564894008640614e-12,-8.60267310049529e-12
2008-10-01,37,0.1996438543156705,0.1996438543156705,0.0,0.25,0.0035706245134670645,True,0,1.0,0.3327397571927842,0.014641660010435698,0.3327397571529259,7.171704411345217e-12,0.007320830005217849,1.2688366893657014e-12,4.403257587939853e-12,-8.483688914306775e-12
2008-10-15,37,0.19965378245469237,0.19965378245469237,0.00022066641664550413,0.25,0.003801004013352934,True,0,1.0,0.332756304091154,0.014662050439912972,0.33275630405676987,5.327551404732773e-12,0.007331025219956486,1.1144029493428434e-12,3.6307520285556617e-12,-7.899669635322103e-12
2008-10-29,37,0.1995323973537862,0.1995323973537862,0.0002253340701975498,0.25,0.0038151668290832214,True,0,1.0,0.33255399558964366,0.014660431971845808,0.3325539955557172,5.450919380718915e-12,0.007330215985922904,1.0763352015514868e-12,3.514552488449565e-12,-7.668202997844887e-12
2008-11-12,37,0.19965627891240462,0.19965627891240462,0.0007458594368674604,0.25,0.003833308383718085,True,0,1.0,0.33276046485400773,0.014662083726084825,0.3327604648216761,5.16302528851021e-12,0.007331041863042413,1.1098116298540665e-12,3.155002731486506e-12,-7.328787765473305e-12
2008-11-26,37,0.1996635414367072,0.1996635414367072,0.00028321890425231366,0.25,0.003872891985849106,True,0,1.0,0.3327725690611787,0.014662180559979018,0.33277256902764607,5.503700660696236e-12,0.007331090279989509,1.0422408108229445e-12,3.2402533148857047e-12,-7.570986747723426e-12
2008-12-11,37,0.19943306426135862,0.19943306426135862,0.000445302209025486,0.25,0.0037637097443135297,True,0,1.0,0.33238844043559773,0.014659107531384883,0.3323884404025975,5.411459402764655e-12,0.007329553765692442,1.0303807832968218e-12,2.942921074296975e-12,-7.650324776738092e-12
2008-12-26,38,0.19958155476552106,0.19958155476552106,0.00012124091275531046,0.25,0.003752400483902182,True,0,1.0,0.33263592460920177,0.014661087408037657,0.33263592455319807,1.255378253168849e-11,0.007330543704018829,2.1784645866008016e-12,4.254263817575959e-12,-9.926966103903617e-12
2009-01-12,38,0.1994768966114896,0.1994768966114896,3.904244184693706e-05,0.25,0.0038930132570441996,True,0,1.0,0.3324614943524827,0.014659691965702475,0.3324614942965925,1.2664945034082185e-11,0.007329845982851238,2.208088723357403e-12,4.204550938545901e-12,-9.79608984935267e-12
2009-01-27,38,0.19951950662134593,0.19951950662068485,3.6355589961178936e-05,0.25,0.0038592742135732786,True,0,1.0,0.3325325110344748,0.014660260094960846,0.33253251100698095,3.6271892818933294e-12,0.007330130047480423,8.807490939768473e-13,2.364089242082156e-12,-6.833763604324411e-12
2009-02-10,38,0.19953465213708313,0.1995346521124384,0.00017234941064514508,0.25,0.0038849255733040557,True,0,1.0,0.3325577535207307,0.014660462030041498,0.3325577535288623,-7.514382211967982e-12,0.007330231015020749,-7.719114275027294e-13,1.8600844865231157e-13,-3.1106454911709634e-12
2009-02-25,38,0.19951808168835336,0.1995180816615917,0.0001989196974880869,0.25,0.00391154362671674,True,0,1.0,0.33253013610265286,0.014660241089071746,0.33253013611498927,-8.476641900385947e-12,0.007330120544535873,-9.641769590413098e-13,-6.594862434935682e-14,-2.548421098837909e-12
2009-03-11,38,0.19962135138112885,0.19962135135535133,6.149729514443036e-05,0.25,0.003934215372770525,True,0,1.0,0.3327022522589189,0.014661618018368437,0.3327022522706951,-8.162890477393466e-12,0.007330809009184218,-9.52961863349829e-13,-7.145801606832289e-14,-2.5579677447033066e-12
2009-03-25,38,0.19963013866860502,0.19963013863987333,9.448591870246659e-05,0.25,0.003376879852513405,True,0,1.0,0.33271689773312224,0.014661735182222305,0.33271689774691315,-9.249623526348642e-12,0.007330867591111153,-9.894626685982467e-13,-1.3454958281382781e-13,-2.5163990126338295e-12
2009-04-08,38,0.19959601146677725,0.19959601143752126,9.957687832973239e-05,0.25,0.002927254965426037,True,0,1.0,0.33266001906253545,0.014661280152808646,0.3326600190770453,-9.515792979519583e-12,0.007330640076404323,-1.0209203716216129e-12,-7.70473848017321e-14,-2.415355845877356e-12
2009-04-23,38,0.1999849639298966,0.19998496388322853,0.00036375382064823825,0.25,0.0025798899868605964,True,0,1.0,0.33330827313871425,0.01466466185182293,0.3333082731728934,-1.5942917821047927e-11,0.007332330925911465,-1.7433391656805977e-12,-1.1882893208508295e-12,-5.505111234682779e-13
2009-05-07,38,0.2000000000242325,0.2000000000068793,0.00015219557051157618,0.25,0.0025413642934075382,True,0,1.0,0.33333333334479887,0.014666666670555651,0.33333333334080556,-5.047834475294472e-12,0.0073333333352778255,1.178686107344532e-13,9.2996046344092e-13,-4.0115458439313424e-12
2009-05-21,38,0.20000000002453436,0.20000000000721316,0.00026267579767381977,0.25,0.002438325094588786,True,0,1.0,0.33333333334535525,0.014666666670587568,0.3333333333408431,-5.0635381648969204e-12,0.007333333335293784,1.2402846768545682e-13,9.849689771850394e-13,-4.2485573738997536e-12
2009-06-05,38,0.20000000005943783,0.20000000005943783,0.000678515378734576,0.25,0.0024526791361283097,True,0,1.0,0.3333333334323964,0.014666666682129195,0.33333333334769305,1.92355859798429e-11,0.007333333341064598,4.420613814217228e-12,5.77461321596373e-12,-1.1958254027937135e-11
2009-06-19,38,0.20000000005873605,0.20000000005873605,0.00025419966888258483,0.25,0.0024370412287819413,True,0,1.0,0.3333333334312268,0.014666666682152739,0.33333333334778653,1.8791888085122745e-11,0.0073333333410763694,4.378824785824525e-12,5.666264701327597e-12,-1.1976883374458143e-11
2009-07-06,38,0.20000000006808033,0.20000000006808033,0.0006093100169128757,0.25,0.0021802237225541717,True,0,1.0,0.33333333344680055,0.014666666684330408,0.33333333334924825,2.3385762497776622e-11,0.007333333342165204,5.184903652612112e-12,6.113646655139768e-12,-1.3369403113650872e-11
2009-07-20,38,0.19993783967315015,0.19993783967315015,1.2476237110925685e-05,0.25,0.0021891281077737125,True,0,1.0,0.3332297327885836,0.014658378631569656,0.33322973268273987,2.626172500893646e-11,0.007329189315784828,5.529391042143362e-12,6.610966303418954e-12,-1.430850277413949e-11
2009-08-03,38,0.19975880235669785,0.19975880235669785,4.3939238867918284e-06,0.25,0.002160156855503171,True,0,1.0,0.3329313372611631,0.014634506989263687,0.3329313371507555,2.7922178907718196e-11,0.007317253494631843,5.728366556293381e-12,7.0124901506508924e-12,-1.479082376494067e-11
2009-08-17,38,0.2000000000757825,0.2000000000757825,0.00011743147231103868,0.25,0.002098295759060691,True,0,1.0,0.3333333334596375,0.01466666668554521,0.3333333333499714,2.7721342985274533e-11,0.007333333342772605,5.7402154982450654e-12,6.672478970301715e-12,-1.4536230747349309e-11
2009-08-31,38,0.20000000007741872,0.20000000007741872,0.0001877162518394565,0.25,0.0020409799010202684,True,0,1.0,0.33333333346236454,0.014666666685815868,0.33333333335012677,2.8729561270942618e-11,0.007333333342907934,5.859012070204912e-12,6.622696084093581e-12,-1.4800247786078134e-11
2009-09-15,38,0.19995659198326723,0.19995659198326723,7.684472340965809e-05,0.25,0.0020296671072014753,True,0,1.0,0.33326098663877873,0.014666087911386023,0.333260986522454,3.0048233898156105e-11,0.007333043955693012,6.026908134439952e-12,6.84050334745856e-12,-1.5412178229385942e-11
2009-09-29,38,0.20000000007993182,0.20000000007993182,4.714963310208098e-05,0.25,0.0019474912524158512,True,0,1.0,0.33333333346655303,0.014666666686301568,0.3333333333503952,3.023748287509245e-11,0.007333333343150784,6.106993384547358e-12,6.707608921334144e-12,-1.521666763165416e-11
2009-10-13,38,0.19993925514135935,0.19993925514135935,0.00023345657164078326,0.25,0.0019076616803380161,True,0,1.0,0.3332320919022656,0.014665856753673247,0.33323209178364127,3.0807163307358484e-11,0.007332928376836623,6.119864549807321e-12,7.103565978065483e-12,-1.5715833494672925e-11
2009-10-27,38,0.19993862863101078,0.19993862863101078,0.0001691709873463676,0.25,0.0019198537817874026,True,0,1.0,0.3332310477183513,0.014665848397758512,0.33323104761575084,2.5675739509997962e-11,0.007332924198879256,5.1394010769226055e-12,6.347733107998083e-12,-1.3947407916091628e-11
2009-11-10,38,0.19990959699873243,0.19990959699873243,0.0002789314462409709,0.25,0.0019043690307246311,True,0,1.0,0.33318266166455407,0.014665461309402734,0.33318266156003495,2.6451690474942085e-11,0.007332730654701367,5.151467296447456e-12,6.25834619033844e-12,-1.4293324794039143e-11
2009-11-24,38,0.1998762906386084,0.1998762906386084,0.0003001400594659226,0.25,0.0018831283188107306,True,0,1.0,0.33312715106434737,0.014665017224800821,0.33312715095883694,2.659398687956567e-11,0.0073325086124004105,5.179247589866146e-12,6.314982383862508e-12,-1.4435536074278067e-11
2009-12-09,38,0.200000000107874,0.200000000107874,8.867875076624929e-05,0.25,0.0015632869322852346,True,0,1.0,0.33333333351312333,0.014666666692643736,0.3333333333546037,4.310236987955131e-11,0.007333333346321868,9.215148819694084e-12,8.903630674454178e-12,-1.959930229610631e-11
2009-12-23,38,0.19999664184871332,0.19999664184871332,0.00031850872120041396,0.25,0.0015582856801683613,True,0,1.0,0.33332773641452224,0.014666621917965268,0.3333277362386429,4.885846887820957e-11,0.007333310958982634,1.0453704031126045e-11,1.0114878015907843e-11,-2.0744382341807163e-11
2010-01-08,38,0.29155026467111433,0.29155026467111433,0.09157820387345514,0.25,0.0057953408043241155,True,0,1.0,0.4859171077851906,0.244169491781792,0.333311175244902,0.01664791994854734,0.050062905771398984,0.0732508475345376,1.1660813588477789e-11,-2.3288782821153218e-11
2010-01-25,38,0.38208691844881126,0.38208691844881126,0.09103155987919027,0.25,0.007270707579442139,True,0,1.0,0.6368115307480188,0.32139127889813607,0.4552172957976705,0.01818181824596405,0.08683476733575515,0.09641738366944082,1.2813976821565463e-11,-2.56482430549769e-11
2010-02-08,38,0.40000000021349547,0.40000000021349547,0.02011958612628273,0.25,0.00747043310585855,True,0,1.0,0.6666666670224924,0.3333333333791318,0.5000000000478352,0.018181818283320866,0.09400000001939683,0.10000000001373953,1.8690359831639012e-11,-3.515559441631878e-11
2010-02-23,38,0.39981485720574556,0.39981485720574556,0.0015387318225327656,0.25,0.007187015012643404,True,0,1.0,0.6663580953429092,0.3333333333855447,0.500000000054462,0.01818181830098843,0.0939987657345916,0.1000000000156634,2.1229547438467554e-11,-3.9300459805111165e-11
2010-03-09,38,0.3994707916018355,0.3994707916018355,0.0030196303684032755,0.25,0.007132541651331694,True,0,1.0,0.6657846526697259,0.33333333337076276,0.5000000000314194,0.018181818288815505,0.0939964719581467,0.10000000001122883,1.839583181116308e-11,-3.529376319162675e-11
2010-03-23,38,0.3993608790428963,0.3993608790428963,0.0015283882224463308,0.25,0.006535083813089103,True,0,1.0,0.6656014650714939,0.3333333333740484,0.5000000000395508,0.01818181828498317,0.093995739208861,0.10000000001221451,1.6881856896118148e-11,-3.3470997889283816e-11
2010-04-07,38,0.39941729889787275,0.39941729889787275,0.0006297162361671715,0.25,0.006001943255928085,True,0,1.0,0.6656954981631212,0.3333333333694723,0.5000000000337099,0.01818181827807219,0.09399611533955739,0.10000000001084168,1.5955854344245478e-11,-3.1742204485499564e-11
2010-04-21,38,0.3991210052455022,0.3991210052455022,0.0017304283508154106,0.25,0.005435636727902842,True,0,1.0,0.6652016754091704,0.3333333333735637,0.5000000000410371,0.018181818279002903,0.09399060387515971,0.1000000000120691,1.580829105926101e-11,-3.162267549728112e-11
2010-05-05,38,0.3974707216715698,0.3974707216715698,0.0008605886863667644,0.25,0.005141563288488978,True,0,1.0,0.6624512027859497,0.3283699209516452,0.4953468008956589,0.01784340379193145,0.09312694951705446,0.09851097628549356,1.5401014078163948e-11,-3.024624264043109e-11
2010-05-19,38,0.39709059381023704,0.39709059381023704,0.0006444599160357334,0.25,0.009352108430717829,True,0,1.0,0.6618176563503951,0.32741442459456527,0.49445102306100397,0.01777825630905607,0.09295959220995052,0.09822432737836957,1.481634054990953e-11,-2.923296702270041e-11
2010-06-03,38,0.3971015472739869,0.3971015472739869,0.0002259824371445146,0.25,0.00991061435101885,True,0,1.0,0.6618359121233115,0.3278027808547705,0.4948151070548644,0.017804735144767624,0.09302221671089039,0.09834083425643114,1.5140816034491543e-11,-2.9251361469274935e-11
2010-06-17,38,0.39810652674664987,0.39810652674664987,0.0005742143195068689,0.25,0.010072798912613357,True,0,1.0,0.6635108779110831,0.33052806299217824,0.4973700590591215,0.017990549842786325,0.09350346772050784,0.09915841889765346,1.6697179206175512e-11,-3.143799865281343e-11
2010-07-01,38,0.3983874646694461,0.3983874646694461,0.00030466913051196975,0.25,0.010118921675490297,True,0,1.0,0.6639791077824102,0.3314766526735082,0.49825936188559444,0.018055226405272583,0.09366897236036975,0.09944299580205244,1.5882477108844612e-11,-3.109850732608191e-11
2010-07-16,38,0.39877617025270246,0.39877617025270246,0.001838395642370469,0.25,0.010126724789195617,True,0,1.0,0.6646269504211708,0.33333333337830456,0.5000000000469365,0.01818181828250865,0.09399184115349034,0.10000000001349137,1.7774995597866425e-11,-3.405779952687152e-11
2010-07-30,38,0.3984987454089484,0.3984987454089484,0.002164249792294279,0.25,0.010187724634385534,True,0,1.0,0.6641645756815807,0.3333333333783528,0.5000000000464445,0.01818181828592611,0.09398999165420449,0.10000000001350584,1.815390694379898e-11,-3.4764163955487445e-11
2010-08-13,38,0.3981809260030793,0.3981809260030793,0.0029113568683849095,0.25,0.010090204660308591,True,0,1.0,0.6636348766717989,0.33333333337668825,0.50000000004435,0.018181818281690167,0.09398787285777287,0.10000000001300646,1.7146345114085807e-11,-3.3461790454533426e-11
2010-08-27,38,0.39801024856661593,0.39801024856661593,0.001390761108952601,0.25,0.01012461805470084,True,0,1.0,0.6633504142776933,0.3333333333726028,0.5000000000390094,0.018181818276622328,0.09398673500681556,0.10000000001178083,1.600955299470231e-11,-3.1995997052141345e-11
2010-09-13,38,0.39780154066590007,0.39780154066590007,0.0004536440415505716,0.25,0.01015733972032765,True,0,1.0,0.6630025677765001,0.3325762011093999,0.49929018854441265,0.01813019563150922,0.09385473830625155,0.09977286033281996,1.740796987982044e-11,-3.4497316435022593e-11
2010-09-27,38,0.39792137546569734,0.39792137546569734,0.0010191683820193337,0.25,0.010161531592943448,True,0,1.0,0.6632022924428289,0.333333333378089,0.5000000000464528,0.018181818287928368,0.09398614252146506,0.1000000000134267,1.7551448887184106e-11,-3.5465878580120756e-11
2010-10-11,38,0.3976379371458303,0.3976379371458303,0.002496581058406583,0.25,0.010201550131796014,True,0,1.0,0.6627298952430505,0.3333333333806416,0.5000000000491351,0.01818181829487133,0.09398425293358562,0.10000000001419247,1.895377417226149e-11,-3.821051640251984e-11
2010-10-25,38,0.3976465880348613,0.3976465880348613,0.0004094467465099304,0.25,0.010187711927418523,True,0,1.0,0.6627443133914356,0.33333333339038457,0.5000000000594145,0.018181818317081433,0.09398431060983162,0.10000000001711537,2.2767012748203055e-11,-4.537870668592465e-11
2010-11-08,38,0.3976839525860616,0.3976839525860616,0.0011580641996516566,0.25,0.0064575777957866076,True,0,1.0,0.662806587643436,0.33333333339897947,0.5000000000679755,0.01818181833592187,0.09398455970932909,0.10000000001969384,2.7232847684507222e-11,-5.2163331749163284e-11
2010-11-22,38,0.39384453310025025,0.39384453310025025,0.0004343468779941656,0.25,0.007679591456737023,True,0,1.0,0.6564075551670838,0.3261302100034974,0.48902067067635735,0.01779315449444757,0.09208903901422728,0.09783906300104922,2.643374372121619e-11,-5.066724478697258e-11
2010-12-07,38,0.3920859551412087,0.3920859551412087,0.0001405663574916005,0.25,0.008245039928389711,True,0,1.0,0.6534765919020146,0.323997398004871,0.48396859968904815,0.017721736945874377,0.09125626955643625,0.0971992194014613,2.7586386773986294e-11,-5.100816072451006e-11
2010-12-21,38,0.39034353671239813,0.39034353671239813,0.0001438077531133869,0.25,0.009279096698866297,True,0,1.0,0.6505725611873302,0.31994740043416614,0.4789110158881722,0.017476163443705933,0.09035888329692646,0.09598422013024983,2.7847777088523724e-11,-5.101154331037867e-11
2011-01-05,38,0.3914572420425569,0.3914572420425569,0.00027131267276737925,0.25,0.0095510001510439,True,0,1.0,0.6524287367375948,0.32224212245886574,0.4820364759596434,0.017609005825140387,0.09090675591779833,0.09667263673765972,3.097402602756139e-11,-5.612275185589301e-11
2011-01-20,38,0.38966965714914276,0.38966965714914276,0.0004166227811854134,0.25,0.009742177242055498,True,0,1.0,0.6494494285819046,0.32016554907044914,0.4770118992379657,0.01754203434678817,0.09007974907220107,0.09604966472113474,3.0951984265773094e-11,-5.6478126827359334e-11
2011-02-03,38,0.39018896258150043,0.39018896258150043,0.0,0.25,0.009936106417387578,True,0,1.0,0.650314937635834,0.3194699194651531,0.47903168159402293,0.017429830873601365,0.09034887335311277,0.09584097583954591,3.136158802421509e-11,-5.745339637727815e-11
2011-02-17,38,0.3904986636725423,0.3904986636725423,0.0,0.25,0.010430060371128239,True,0,1.0,0.6508311061209039,0.31838416824364785,0.480212463296079,0.017302501209904068,0.09048198485123377,0.09551525047309435,3.110115758652971e-11,-5.7610331599139505e-11
2011-03-04,38,0.39139540465461686,0.39139540465461686,0.0,0.25,0.010592573665709966,True,0,1.0,0.6523256744243615,0.3205886528415791,0.4825272286130501,0.017446793376308098,0.09091202565224839,0.09617659585247373,3.3116557364736865e-11,-5.945969586595586e-11
2011-03-18,38,0.39177543944046367,0.39177543944046367,0.0,0.25,0.010593011724347049,True,0,1.0,0.6529590657341061,0.3210162469249291,0.4832874543274436,0.01746723584502295,0.09104862693213915,0.09630487407747872,3.273717268197493e-11,-5.871177699775779e-11
2011-04-01,38,0.3919421239038307,0.3919421239038307,0.0,0.25,0.010617308025372009,True,0,1.0,0.6532368731730512,0.3229720273937862,0.48461021096606105,0.017612967250380238,0.09129374021724099,0.09689160821813586,3.399627661477914e-11,-5.987909382458169e-11
2011-04-15,38,0.39434215433153563,0.39434215433153563,0.0016282078913545245,0.25,0.01063395034986797,True,0,1.0,0.6572369238858927,0.3238640228597988,0.4864907899898871,0.01764846795670538,0.09162602046446915,0.09715920685793965,3.610843270439111e-11,-6.329042274185039e-11
2011-05-02,38,0.39604455885997314,0.39604455885997314,0.0,0.25,0.010738148762976,True,0,1.0,0.6600742647666219,0.3268350066807908,0.49174231920134925,0.017791247600691618,0.0925102366975392,0.09805050200423723,3.707594456415724e-11,-6.501003625915288e-11
2011-05-16,38,0.3975613102651107,0.3975613102651107,5.1968029636251245e-05,0.25,0.010339598897294891,True,0,1.0,0.6626021837751845,0.3293251405977236,0.4962423193172083,0.017908532493269045,0.0932685910120787,0.09879754217931708,3.257854506960727e-11,-6.025720509895894e-11
2011-05-31,38,0.39826449348324555,0.39826449348324555,0.0009359626051856293,0.25,0.009360911957507623,True,0,1.0,0.6637741558054093,0.3305352061364324,0.4973767557576825,0.017991036953022475,0.0935057530291581,0.09916056184092971,3.245452352355199e-11,-5.7742366179229134e-11
2011-06-14,39,0.3989197810491471,0.3989197810491471,0.0007842802044196323,0.25,0.00841777343973574,True,0,1.0,0.6648663017485785,0.33305920271428735,0.4989720099744381,0.01818181836334292,0.09383106145931414,0.0999177608142862,3.4216310722167166e-11,-6.10941468755294e-11
2011-06-28,39,0.39923215720697414,0.39923215720697414,0.0002863651625756719,0.25,0.007550746042162544,True,0,1.0,0.6653869286782903,0.3333333334140698,0.500000000084038,0.018181818377929097,0.09399488107918172,0.10000000002422094,3.5065652073062465e-11,-6.41884801237711e-11
2011-07-13,39,0.3991726760739042,0.3991726760739042,0.0005509210991025276,0.25,0.0072545873757586645,True,0,1.0,0.665287793456507,0.33333333341558824,0.5000000000855885,0.018181818380726876,0.09399448453892925,0.10000000002467646,3.6950115535706063e-11,-6.580221410586814e-11
2011-07-27,39,0.398949175330568,0.398949175330568,0.0011119609508443012,0.25,0.006666725948297084,True,0,1.0,0.6649152922176134,0.3332361765967495,0.49963566199331577,0.01818181840513426,0.0939356720106561,0.09997085297902485,4.30547220821226e-11,-7.605540508996331e-11
2011-08-10,39,0.3984453584949835,0.3984453584949835,0.0013260465463655197,0.25,0.00826265094275731,True,0,1.0,0.6640755974916392,0.3319624937650035,0.49871483791662485,0.018088352033446827,0.09375316592194488,0.09958874812950104,4.0447715444827224e-11,-7.20816264999396e-11
2011-08-24,39,0.39872774196152133,0.39872774196152133,0.0010090173294584753,0.25,0.008347531422335424,True,0,1.0,0.6645462366025355,0.33307842133555715,0.4997610200100284,0.01816443799832414,0.09394754598103587,0.09992352640066714,3.729428876013357e-11,-6.71023102222752e-11
2011-09-08,39,0.39852731697059507,0.39852731697059507,0.0021016515660444296,0.25,0.008429071495270078,True,0,1.0,0.6642121949509918,0.33333333341775695,0.5000000000899444,0.018181818369633198,0.09399018215028516,0.10000000002532708,3.862212003788625e-11,-6.722798312751447e-11
2011-09-22,39,0.3952412017873798,0.3952412017873798,0.0013317715474348013,0.25,0.008666487060550725,True,0,1.0,0.6587353363122997,0.3237162799524978,0.49098401246654433,0.017526110167242342,0.09230933299451168,0.09711488398574934,3.4855050057488705e-11,-6.238527655459971e-11
2011-10-06,39,0.3935483081484271,0.3935483081484271,0.00016816497371273387,0.25,0.009769283268603124,True,0,1.0,0.6559138469140452,0.3208510073190643,0.48612851853649885,0.017383339786219056,0.0914817668497363,0.09625530219571929,3.3732970388364953e-11,-6.207040684084799e-11
2011-10-20,39,0.3956370424697724,0.3956370424697724,0.0002449717359567227,0.25,0.010291263771231436,True,0,1.0,0.659395070782954,0.3266634629185967,0.4920498056269882,0.01776819848041059,0.0925684224350071,0.09799903887557901,3.0749252538455305e-11,-5.862784646530298e-11
2011-11-03,39,0.397635108881863,0.397635108881863,0.0005914857926425654,0.25,0.010566828652961916,True,0,1.0,0.6627251814697717,0.33279914357736406,0.49799678819687876,0.018181818359875476,0.09366906209010964,0.09983974307320921,3.117511393876017e-11,-5.922890761946547e-11
2011-11-17,39,0.396591848531338,0.396591848531338,0.00012821561540604653,0.25,0.010519609636060792,True,0,1.0,0.6609864142188967,0.3292959896407628,0.49490729370951486,0.01793824664969318,0.09308671693107601,0.09878879689222883,3.022784893684877e-11,-5.734864054106969e-11
2011-12-02,39,0.397295681218594,0.397295681218594,9.502362314110743e-05,0.25,0.010792075510801535,True,0,1.0,0.6621594686976566,0.3306866969885939,0.4969691962960366,0.01801468907752711,0.09344384404454222,0.09920600909657816,3.077673657933045e-11,-5.794625870841663e-11
2011-12-16,39,0.3971956149782396,0.3971956149782396,0.0009300440417886469,0.25,0.010828121626106857,True,0,1.0,0.6619926916303993,0.3301516622465008,0.4970171833673259,0.017964886247975865,0.0934324658617818,0.09904549867395022,3.3077710484077585e-11,-6.232769812020318e-11
2012-01-03,39,0.29876564274864076,0.29876564274864076,0.09926929000295934,0.25,0.011008322531640833,True,0,1.0,0.4979427379144013,0.33004171297702023,0.4969141059265107,0.017957389713643652,0.09275729979694439,0.09901251389310607,3.383735525419325e-11,-6.346762493676441e-11
2012-01-18,39,0.2986672653304342,0.29866726532909643,0.0021701429213664913,0.25,0.011140414720951586,True,0,1.0,0.4977787755484941,0.32977937332813284,0.4966681625014542,0.017939502909084793,0.0927113903541726,0.09893381199843984,2.9863147892882885e-11,-5.890220984674214e-11
2012-02-01,39,0.30000000036287966,0.3000000003607482,0.0018556770726596147,0.25,0.011330375018237237,True,0,1.0,0.500000000601247,0.333333333414123,0.5000000000838171,0.018181818365440812,0.09333333336886813,0.10000000002423691,2.8727711744084534e-11,-5.858716823923614e-11
2012-02-15,39,0.4000000004843784,0.20000000048437844,0.10206259596936335,0.25,0.0099532013403936,True,0,1.0,0.33333333414063077,0.3333333334335734,0.500000000107586,0.018181818416857603,0.09266666671441753,0.10000000003007202,3.930603056295385e-11,-7.000724115101907e-11
2012-03-01,39,0.3974810691949832,0.19748106919498326,0.0018517236209753263,0.25,0.010219524053430433,True,0,1.0,0.32913511532497214,0.3316540459038097,0.4937026718652208,0.018181818422165107,0.09165909419536672,0.0994962137711429,4.0586870181341864e-11,-7.135979218901152e-11
2012-03-15,39,0.3953165939636409,0.1953165939636408,0.000823535419458149,0.25,0.01030401567220775,True,0,1.0,0.32552765660606797,0.3302110624169854,0.48829148379243886,0.01818181842447733,0.09079330410298786,0.0990633187250956,3.900860596594633e-11,-6.912119002622158e-11
2012-03-29,39,0.3959072162977648,0.1960866910216748,2.898853449047334e-05,0.25,0.009296537145516776,True,0,1.0,0.32681115170279135,0.3287237189096756,0.4899923830388342,0.018005371455724745,0.09100134901063878,0.09861711567290268,3.778487111716942e-11,-6.87051135740002e-11
2012-04-13,39,0.39624655123847896,0.1965920275800089,6.911897878203455e-05,0.25,0.008691967204457782,True,0,1.0,0.32765337930001487,0.3304833120785714,0.491048222426838,0.018139738359570286,0.0912201045186867,0.09914499362357142,3.72831213686172e-11,-6.785494043277177e-11
2012-04-27,39,0.3972554411082175,0.19795962309414034,0.0006595587555499188,0.25,0.008693437709961267,True,0,1.0,0.3299327051569006,0.33173835451639505,0.4940188291762788,0.018181818415245847,0.0917120266378974,0.09952150635491851,3.6064279726011116e-11,-6.693026412234763e-11
2012-05-11,39,0.3982087827508492,0.19820878275375123,0.00041274016468517694,0.25,0.008684063791620966,True,0,1.0,0.33034797125625204,0.3317616049365234,0.4955219558799291,0.018147492637474682,0.09193759352425726,0.09952848148095701,3.269900947306194e-11,-6.183040527182386e-11
2012-05-25,39,0.3961642626809812,0.19616426268098117,0.0005024967869577679,0.25,0.008870381280681279,True,0,1.0,0.3269404378016353,0.32588673206926083,0.49041065571473763,0.017737323586275416,0.09096939018246843,0.09776601962077824,3.214652177515596e-11,-5.976990830021612e-11
2012-06-11,39,0.39713452251983183,0.1974491213644544,0.00010242007095956351,0.25,0.009172924202994506,True,0,1.0,0.3290818689407573,0.3301095444435094,0.493229553871993,0.018052878694498942,0.09153716609083012,0.0990328633330528,3.0714711146791105e-11,-5.921743007559726e-11
2012-06-25,39,0.39765786571857653,0.19819227060029715,0.0007740001322283085,0.25,0.00925070579270707,True,0,1.0,0.3303204510004953,0.3319500452421439,0.4948126693961749,0.018181818394981616,0.09183847515063677,0.09958501357264316,3.1747035608424364e-11,-6.015093667770599e-11
2012-07-10,39,0.3976306549616326,0.19875797047601912,0.0019252912334634387,0.25,0.008914218923022193,True,0,1.0,0.33126328412669853,0.33212954160422353,0.4954857807448829,0.01818181840612574,0.0919481493366315,0.09963886248126706,3.4363591176916637e-11,-6.236253741877444e-11
2012-07-24,39,0.39843988203079594,0.19998137646055206,0.0008968851050497328,0.25,0.008989130765785705,True,0,1.0,0.3333022941009201,0.33280708596164044,0.49802657209334444,0.018181818398721735,0.09235605654820474,0.09984212578849212,3.44692991006932e-11,-6.109656370757784e-11
2012-08-07,39,0.3978077627485548,0.19978654341232344,0.0026021361292525302,0.25,0.008459541098263775,True,0,1.0,0.33297757235387243,0.3325314351551832,0.496992881541012,0.018181818430882127,0.0921921236831637,0.09975943054655495,3.99675837260803e-11,-6.850595243350422e-11
2012-08-21,39,0.39690137121720637,0.1986416008348468,8.301052509242235e-05,0.25,0.008134382040833301,True,0,1.0,0.3310693347247447,0.33010166361650706,0.4944287138969054,0.018023091751265322,0.09172286190584975,0.09903049908495211,4.0729374563670116e-11,-6.930894517647835e-11
2012-09-05,39,0.3980077936330997,0.2001495990885434,0.0005502252683529938,0.25,0.007480966599680795,True,0,1.0,0.33358266514757234,0.33271913067372616,0.49769673973224415,0.01818181843028022,0.09230528440996817,0.09981573920211784,4.1239964702539154e-11,-6.964550236443417e-11
2012-09-19,40,0.3988420850997074,0.20115791596336136,0.002377670515209221,0.25,0.006958104276891404,True,0,1.0,0.33526319327226894,0.33333333344592975,0.5000000001214608,0.018181818442294925,0.09267438615623538,0.10000000003377892,4.160839373302425e-11,-7.279743666341121e-11
2012-10-03,40,0.39865782102470726,0.20134218008500798,0.0016789573153777326,0.25,0.006798603725747454,True,0,1.0,0.33557030014168,0.33333333345131044,0.5000000001281769,0.01818181845132687,0.09267561458676679,0.10000000003539312,4.478805108797684e-11,-7.584574638239514e-11
2012-10-17,40,0.3985925450244696,0.20140745608988106,0.0017070669817079998,0.25,0.006643848235623921,True,0,1.0,0.3356790934831351,0.3333333334526967,0.5000000001295322,0.01818181845479989,0.0926760497595522,0.10000000003580901,4.483563154929864e-11,-7.648602072208341e-11
2012-11-02,40,0.3987513780893922,0.20124862296648904,0.0023784114441655624,0.25,0.00662642178919447,True,0,1.0,0.3354143716108151,0.33333333344465504,0.5000000001190837,0.01818181844106124,0.09267499087018376,0.10000000003339651,4.1195748847719234e-11,-7.191827279373296e-11
2012-11-16,40,0.49867518014694867,0.3013248209769008,0.10095289019804793,0.25,0.007667700896647854,True,0,1.0,0.5022080349615013,0.46666666675908597,0.7500000000693144,0.02727272755194429,0.14600883218235047,0.14000000002772578,4.995726791648917e-11,-8.29268351302754e-11
2012-12-03,40,0.4983723878783781,0.30162761327178406,0.002414743555144927,0.25,0.007236699343077662,True,0,1.0,0.5027126887863068,0.46666666676159996,0.7500000000711999,0.027272727562166626,0.1460108507974799,0.14000000002847998,5.0462374275223294e-11,-8.46859546021601e-11
2012-12-17,41,0.4960950514753375,0.2985247584806201,0.001304896721733284,0.25,0.007281023060066733,True,0,1.0,0.49754126413436683,0.46487326969573456,0.7432747610769611,0.027272727567260558,0.14493206082957882,0.13946198090872036,4.8595389767411204e-11,-8.440250992751949e-11
2013-01-02,40,0.49711457655491065,0.30020226511214465,0.0014563992609494675,0.25,0.007677201534477911,True,0,1.0,0.5003371085202412,0.4657722802520646,0.7466460506455902,0.027272727586498853,0.14547366043309165,0.13973168407561937,5.086644600751365e-11,-8.82018436424581e-11
2013-01-16,41,0.4974471283023936,0.3004154584037354,0.0009741809063846252,0.25,0.007503290036172006,True,0,1.0,0.5006924306728924,0.46572862241273716,0.7473282319038649,0.027241967661643874,0.1455372970049816,0.13971858672382115,5.365149061757733e-11,-9.084104026049604e-11
2013-01-31,40,0.4968480362665873,0.29894341010171743,0.0022106825588621565,0.25,0.007545617121338631,True,0,1.0,0.49823901683619576,0.4645776485901741,0.7447393065390981,0.02717915941902507,0.14502804034706807,0.13937329457705222,5.099861997609997e-11,-8.660915759617478e-11
2013-02-14,41,0.4981495109883189,0.2981495109883189,0.0015266233497102238,0.25,0.007498617637964523,True,0,1.0,0.49691585164719815,0.4648837245957576,0.7453737759960962,0.027197825452237614,0.14514994771006975,0.13946511737872727,5.169416027873643e-11,-8.779171554845729e-11
2013-03-01,43,0.4987081315944611,0.2989251659483247,0.00010100136835583529,0.25,0.0072647570114740155,True,0,1.0,0.4982086099138745,0.46456620249360797,0.7470416204879822,0.027153494589669855,0.14548366399194074,0.13936986074808239,4.9158242692970016e-11,-8.374317816840467e-11
2013-03-15,43,0.4968317279242178,0.2968317279235847,0.00046230162633273397,0.25,0.007405571560062911,True,0,1.0,0.49471954653930783,0.46310532496782936,0.7420793183397906,0.027123961616651055,0.14462196368771613,0.1389315974903488,5.056196017757467e-11,-8.458859794918042e-11
2013-04-01,42,0.497246683632076,0.29742637776682684,2.3120078894114937e-05,0.25,0.007252904021569588,True,0,1.0,0.4957106296113781,0.4629840814751619,0.7433413252507162,0.02709361929797983,0.14485056218581746,0.13889522444254856,5.171629872447322e-11,-8.541637576753411e-11
2013-04-15,43,0.5981894675277913,0.3993901096550689,0.10287300606524477,0.25,0.009443719565113683,True,0,1.0,0.6656501827584481,0.7991931919537977,0.9969744698267408,0.06363636399939154,0.1655199173584235,0.2397579575861393,5.665172220108425e-11,-9.118029060597658e-11
2013-04-29,43,0.5981076395241713,0.3999451367666379,0.001858308357134214,0.25,0.009209131529951032,True,0,1.0,0.6665752279443965,0.799350924916602,0.997565968437257,0.06363636405843552,0.16561667999224425,0.2398052774749806,7.033331070060805e-11,-1.0613908054098255e-10
2013-05-13,43,0.5964476898550305,0.39764367294564673,0.0005673984146805366,0.25,0.009713051426568914,True,0,1.0,0.6627394549094112,0.7963800825549431,0.9926142015586013,0.06344520805374798,0.16461646488100976,0.2389140247664829,6.872808151443827e-11,-1.0479175413009135e-10
2013-05-28,43,0.5939213831463199,0.394024011131242,0.0007201976178766445,0.25,0.010200424869716077,True,0,1.0,0.6567066852187368,0.7904006983236088,0.9849317406621073,0.06306436683230708,0.1631664270009803,0.23712020949708262,8.069502377849336e-11,-1.1830115356792844e-10
2013-06-11,43,0.5870688435985043,0.38706884359850435,0.0022711016352041785,0.25,0.011726758713417728,True,0,1.0,0.6451147393308406,0.7727940370472237,0.9676721068356523,0.06170730945220622,0.16029297458175562,0.2318382111141671,7.949019858021953e-11,-1.199184252953101e-10
2013-06-25,43,0.5794549243413615,0.3794549243413616,0.0023967346494084413,0.25,0.01793238829042721,True,0,1.0,0.6324248739022693,0.7616742844262224,0.9486373087275242,0.06107396747693682,0.15682660850693603,0.22850228532786673,7.826257663408945e-11,-1.1662902479075677e-10
2013-07-10,43,0.581848425044395,0.38307542044835324,0.0,0.25,0.020981154763656477,True,0,1.0,0.6384590340805888,0.7693251259034154,0.9573525918348572,0.061729241876171306,0.15807629602610093,0.2307975377710246,7.90162887675772e-11,-1.1539963619429742e-10
2013-07-24,43,0.5834891822909261,0.38573306663018425,0.0008420473684101482,0.25,0.02250876407825328,True,0,1.0,0.6428884443836405,0.7777617141096488,0.963871318229487,0.06239080795692105,0.15937854891484665,0.23332851423289463,7.867660337652895e-11,-1.1845798985104872e-10
2013-08-07,42,0.5823868110008319,0.38419861985984116,0.0,0.25,0.022641271036393462,True,0,1.0,0.6403310330997353,0.7716141705506996,0.9596668981425557,0.061807758033027474,0.15881028370167183,0.23148425116520988,7.589639915374363e-11,-1.1803454362673182e-10
2013-08-21,43,0.5793945621297193,0.3796906808668953,1.024992215703513e-05,0.25,0.022906529341348854,True,0,1.0,0.6328178014448255,0.7634698764197394,0.9488565515668484,0.06124524949607712,0.1568350933232458,0.22904096292592183,7.975399665172425e-11,-1.2038703583282368e-10
2013-09-05,43,0.5791733480531892,0.3793254393810089,0.0,0.25,0.023138828399428536,True,0,1.0,0.6322090656350148,0.7637924087097064,0.948453769126429,0.06134529683217271,0.15669311131157593,0.22913772261291193,8.057493769166891e-11,-1.2091379984601032e-10
2013-09-19,42,0.5834221594996732,0.385776565999753,0.000464480772832343,0.25,0.024857146632411547,True,0,1.0,0.6429609433329218,0.7771085033957452,0.9637579168395074,0.06230081575173217,0.15921993263545692,0.23313255101872354,7.97882960236215e-11,-1.2444110563609876e-10
2013-10-03,43,0.5835341760212355,0.3859056821226347,0.0,0.25,0.02466431720804859,True,0,1.0,0.6431761368710579,0.7744253183447384,0.9638223134095875,0.062030244630515714,0.15937228475547663,0.2323275955034215,7.741517947081724e-11,-1.2289273017625855e-10
2013-10-17,43,0.5848974358417616,0.38837735607808127,0.0007812424619899477,0.25,0.025112262980458645,True,0,1.0,0.6472955934634688,0.7818047619000267,0.9699285386199786,0.06262866340523955,0.16046918304538746,0.23454142857000798,7.78776624424579e-11,-1.2404068685395096e-10
2013-10-31,43,0.5857576069040472,0.38961855451603605,2.0215305219145607e-05,0.25,0.025149951936475876,True,0,1.0,0.6493642575267268,0.7821736335316535,0.9728000527006094,0.0625937791446001,0.16091451800138387,0.23465209005949603,7.533460554633435e-11,-1.220819136283372e-10
2013-11-14,42,0.5855969424567784,0.38559694245677834,0.0020018914343208766,0.25,0.02512994919568506,True,0,1.0,0.6426615707612973,0.7765536100726314,0.9666709868587272,0.06222198895233754,0.15977748120386917,0.2329660830217894,7.512480358140264e-11,-1.22001133274205e-10
2013-11-29,42,0.5872011325628316,0.3872011325676562,0.001562691903796154,0.25,0.024670717310124365,True,0,1.0,0.6453352209460937,0.777465674739302,0.9680028291782113,0.06228414664015098,0.16012284572306526,0.23323970242179057,7.342931195182225e-11,-1.1896653978652184e-10
2013-12-13,42,0.5870214494183092,0.38702144941891753,0.00013959144800518297,0.25,0.023785692135936586,True,0,1.0,0.6450357490315293,0.7775139675305688,0.9675536213058472,0.06229483804060597,0.16004747336353367,0.23325419025917063,7.613649362830081e-11,-1.197957187774727e-10
2013-12-30,42,0.5875094421583033,0.3877519615659706,0.00046421976491145545,0.25,0.018151613059687544,True,0,1.0,0.6462532692766176,0.7788334871127536,0.9690767523923123,0.06239463092739841,0.16037616099930718,0.23365004613382606,7.549710900811925e-11,-1.1971450307660053e-10
2014-01-14,43,0.5887570764572392,0.38972179199776535,0.0008247137237007152,0.25,0.015343169680287785,True,0,1.0,0.6495363199962756,0.7803850054597371,0.9730985833333544,0.06244178467969684,0.16105124936223097,0.2341155016379211,7.302680927594308e-11,-1.1684914804347412e-10
2014-01-29,43,0.5885754103229741,0.3894835842583573,0.00014697889752453286,0.25,0.014854517805846956,True,0,1.0,0.6491393070972622,0.7773857461095034,0.9725737410233581,0.062146401278589586,0.16110496724299014,0.233215723832851,7.681757511088978e-11,-1.1650943410645382e-10
2014-02-12,42,0.5895409564657226,0.39085752166785365,0.0004286329429955965,0.25,0.0141526739959015,True,0,1.0,0.6514292027797561,0.7809351468948165,0.9754980954133874,0.06245043938169059,0.16149499657727348,0.23428054406844492,7.714206287682793e-11,-1.1853061357392651e-10
2014-02-27,42,0.5907400521097648,0.39310681104986595,0.0009192833040925497,0.25,0.013163340843918256,True,0,1.0,0.6551780184164433,0.7846796268452959,0.9808106761786536,0.06269498795267749,0.1625201280274205,0.23540388805358878,7.916994299318741e-11,-1.2052889984113185e-10
2014-03-13,43,0.5905272766282371,0.3926205756356663,0.0002772217741221772,0.25,0.012779952982071652,True,0,1.0,0.6543676260594439,0.7821415451170752,0.9789348130343944,0.062452643868574055,0.16225426670657486,0.23464246353512255,8.038618734430568e-11,-1.209448138164811e-10
2014-03-27,43,0.5919704098265691,0.39453523985366223,0.00039168026703784165,0.25,0.010990393030708557,True,0,1.0,0.6575587330894371,0.7866218607464917,0.9831320598081864,0.06276439080610013,0.16306543594848275,0.23598655822394748,8.067666688722268e-11,-1.2120005133544117e-10
2014-04-10,43,0.5937401580605389,0.39704186094200833,0.0001712860067502875,0.25,0.011237683458752886,True,0,1.0,0.6617364349033472,0.7913320533819981,0.9884775214576277,0.06310045271954406,0.16402793034065513,0.2373996160145994,8.176557464518257e-11,-1.2321044212354267e-10
2014-04-25,43,0.5936496777757431,0.3969326025740173,0.0001326108109678953,0.25,0.010495887307108917,True,0,1.0,0.6615543376233622,0.790022796730824,0.988440563028529,0.06299414951533618,0.16396270074127725,0.23700683901924718,8.195932857056491e-11,-1.2285321366648603e-10
2014-05-09,43,0.5969944417630558,0.3969944417630559,0.0022904340329190226,0.25,0.010360949835834866,True,0,1.0,0.6616574029384266,0.7949449888687234,0.9933444402277539,0.0633300674845996,0.1648221798260646,0.23848349666061702,8.442644154410966e-11,-1.290899596369161e-10
2014-05-23,43,0.597588384993052,0.39758838499305194,0.0007372041518572958,0.25,0.009271508948793169,True,0,1.0,0.6626473083217532,0.7965063204246202,0.9952001535749962,0.06343511689169494,0.16512545544934817,0.23895189612738607,8.808514493438294e-11,-1.3558130382241615e-10
2014-06-09,43,0.5995899653901255,0.39958996539012537,0.002861955410518313,0.25,0.009182195111864438,True,0,1.0,0.665983275650209,0.799453285802167,0.998974910879063,0.06359908827589564,0.16578131437960883,0.2398359857406501,9.20326071890467e-11,-1.4294025426028404e-10
2014-06-23,43,0.5993030294433948,0.39930302944339463,0.0004937611842115429,0.25,0.009368530822199269,True,0,1.0,0.6655050490723244,0.7983415584304351,0.9982575709543935,0.06352328869328351,0.16566473916758623,0.2395024675291305,9.472622555887366e-11,-1.4761217584360107e-10
2014-07-08,43,0.599912034568241,0.40008796754911236,0.0006650833087089402,0.25,0.009550603638825983,True,0,1.0,0.6668132792485206,0.799999999999229,0.999999999999312,0.06363636425506074,0.16600058650369634,0.2399999999997687,9.183756735473956e-11,-1.4680980511069475e-10
2014-07-22,43,0.5997882610527017,0.4002117411344542,0.0024598982163681893,0.25,0.009333663434023193,True,0,1.0,0.6670195685574236,0.8,1.0,0.06363636427735933,0.16600141166365,0.24000000000000002,9.183306796271554e-11,-1.5152460138990463e-10
2014-08-05,43,0.5979075846822962,0.3979075846822961,0.0009053698864002063,0.25,0.009443263352149381,True,0,1.0,0.6631793078038268,0.793885339927356,0.9947689590242318,0.06311004772601274,0.16523749229401183,0.2381656019782068,9.124115749931617e-11,-1.4909224863677165e-10
2014-08-19,43,0.599018464263011,0.3998943109707837,0.0008574920837026573,0.25,0.009386402213143326,True,0,1.0,0.6664905182846396,0.7996114159477834,0.9995841232163547,0.06360986991068338,0.16589738747667881,0.23988342478433503,8.906818936254613e-11,-1.4827681993938015e-10
2014-09-03,43,0.5990069277766814,0.40000652235503525,0.001390508887993927,0.25,0.009269192809411261,True,0,1.0,0.6666775372583921,0.7985155873463626,0.9987668099013541,0.06350058413388791,0.1658407405143489,0.23955467620390877,8.993926449535214e-11,-1.49172684062022e-10
2014-09-17,42,0.5965855744024756,0.3965855744024755,0.0005998063044441448,0.25,0.009094439838173015,True,0,1.0,0.6609759573374592,0.7927171406511058,0.9914639331217558,0.06307027279347936,0.1644344655571666,0.23781514219533173,9.424929401008573e-11,-1.5202518533586368e-10
2014-10-01,42,0.5967014742456113,0.3967014742456111,0.000868749621278031,0.25,0.009291872690257885,True,0,1.0,0.6611691237426852,0.79065006084931,0.9917536827517498,0.06277219610156694,0.16487624246784074,0.237195018254793,9.360822074015966e-11,-1.4780072152568038e-10
2014-10-15,43,0.5954506097922837,0.39591597954620844,0.0020034798552869965,0.25,0.00952299787326748,True,0,1.0,0.6598599659103475,0.7864213971890077,0.9892082338677664,0.06228767612649259,0.16481404253663992,0.23592641915670232,9.098392659876159e-11,-1.4674412616255843e-10
2014-10-29,43,0.5968768458758906,0.3974591426980114,0.000980202428419008,0.25,0.009831248450744751,True,0,1.0,0.6624319044966858,0.7939591912936074,0.9938268015149783,0.06308278634356458,0.16504070443175792,0.2381877573880822,9.165242255023016e-11,-1.4676201730325546e-10
2014-11-12,42,0.5972422006422604,0.3972422006422605,0.0006556033297326486,0.25,0.009755412115791003,True,0,1.0,0.6620703344037675,0.7937817229731431,0.9931054986256623,0.0631128773215114,0.16482651240128593,0.23813451689194293,9.314364958264791e-11,-1.4615519530066375e-10
2014-11-26,43,0.5983392455125975,0.39833924551259753,0.00029787542529975675,0.25,0.010028776770253994,True,0,1.0,0.6638987425209959,0.795213587855793,0.995848110735419,0.06314332155956895,0.16552810352477035,0.2385640763567379,9.416884544050863e-11,-1.4889241312415901e-10
2014-12-11,43,0.5928511179240608,0.3928511179240609,0.002569507127035478,0.25,0.010351728642146524,True,0,1.0,0.6547518632067683,0.7784494288586545,0.982127791808001,0.06163587940647615,0.16369701737976566,0.23353482865759634,8.786600845749235e-11,-1.4361797996320692e-10
2014-12-26,43,0.5947391754888756,0.3955272970990776,0.00033314933514376477,0.25,0.012506131996912561,True,0,1.0,0.659212161831796,0.7871993790505534,0.9892848879518318,0.062465045236282456,0.1645431680393494,0.236159813715166,8.452122748446924e-11,-1.4238067103570593e-10
2015-01-12,42,0.5931965414337412,0.3943977596433691,0.002475732866192154,0.25,0.012786110064829418,True,0,1.0,0.6573295994056152,0.782848160643956,0.9854016830523756,0.06214367731618494,0.16388687056427773,0.2348544481931868,7.935677632058725e-11,-1.3751228995186289e-10
2015-01-27,43,0.5940693747649131,0.3959536911608384,0.000739500544023039,0.25,0.013173823498292674,True,0,1.0,0.6599228186013973,0.7867043470434678,0.9889966192489286,0.06241101480956296,0.16453666106213777,0.23601130411304033,7.84657830508304e-11,-1.3833364573062015e-10
2015-02-10,43,0.5952501470937754,0.3952501470937754,0.0016983473854006031,0.25,0.013395212652889723,True,0,1.0,0.6587502451562923,0.7895171529335742,0.9898928372136113,0.06277579494508842,0.16430082188509185,0.23685514588007225,8.548474945231345e-11,-1.4267860719801421e-10
2015-02-25,43,0.5970339398864861,0.39776170631248337,0.00022841310956045469,0.25,0.013704770207946054,True,0,1.0,0.6629361771874723,0.7952248469118012,0.9957266275278694,0.0632399050350831,0.16527733717273602,0.23856745407354035,9.073197587070044e-11,-1.4949893924083176e-10
2015-03-11,43,0.595069543119059,0.39506954311905906,0.00011291790717893324,0.25,0.014114149483917421,True,0,1.0,0.6584492385317652,0.7889850352197558,0.9890700299960731,0.06271904061228707,0.16423174401809063,0.23669551056592675,8.894972502351203e-11,-1.4039878197504138e-10
2015-03-25,42,0.5974125136287483,0.39741251362998414,0.0015092291541763947,0.25,0.015341799847347693,True,0,1.0,0.6623541893833069,0.7923717958668188,0.9935312808063714,0.06289850030259195,0.16520152801901344,0.23771153876004564,8.905714321280054e-11,-1.4463778624659252e-10
2015-04-09,42,0.5981397602430462,0.398686933394542,0.0004567491449963268,0.25,0.015397917505442745,True,0,1.0,0.6644782223242367,0.7969415075749033,0.9964909305261579,0.06334689980880989,0.16552848955240665,0.239082452272471,8.703023257422851e-11,-1.4517869512844343e-10
2015-04-23,43,0.5979585301255191,0.3985549237421349,0.00022602157657516941,0.25,0.015022894213475656,True,0,1.0,0.6642582062368916,0.7970907423697642,0.9959890236562385,0.06338550117581769,0.1654220173910654,0.23912722271092926,8.802010632952493e-11,-1.4841923082125257e-10
2015-05-07,43,0.5958170391183517,0.39581703911835164,0.000337213566990055,0.25,0.015134244849285437,True,0,1.0,0.6596950651972527,0.793110306285306,0.9895425944979089,0.06312840701924587,0.16411303281266754,0.23793309188559178,8.935222967371284e-11,-1.4980759441833707e-10
2015-05-21,43,0.5958640115018812,0.39586401150188116,0.00014147707870874882,0.25,0.01587651534203674,True,0,1.0,0.6597733525031353,0.794632611625249,0.9896600253993665,0.06330024427513804,0.16402836266823817,0.2383897834875747,9.182958508644519e-11,-1.5253592749776051e-10
2015-06-05,42,0.5930671042048016,0.39306710420480145,0.0008107905037010865,0.25,0.015654694859453082,True,0,1.0,0.6551118403413357,0.7879070110745241,0.982667757224073,0.06277133138255221,0.16279368772470587,0.23637210332235722,8.77974069973315e-11,-1.464752064973227e-10
2015-06-19,43,0.5936546645428077,0.39399182689414003,4.2117345100567416e-05,0.25,0.014269780663728082,True,0,1.0,0.6566530448235668,0.7887849569008105,0.984558110987124,0.06282487376799842,0.1631256009749293,0.23663548707024315,8.782530783921413e-11,-1.4916695794471386e-10
2015-07-06,43,0.5930387186315481,0.3930852160469638,0.0002509766452621631,0.25,0.013917665763964726,True,0,1.0,0.6551420267449397,0.7859590018136549,0.9826549150803288,0.0625202395067619,0.16294753099851808,0.23578770054409645,8.873286571555656e-11,-1.4613442669932023e-10
2015-07-20,43,0.5927802782555421,0.39278027825554224,2.1122483598812192e-05,0.25,0.013448608125479085,True,0,1.0,0.6546337970925704,0.7852780666535041,0.982197066976503,0.06243648501603781,0.16282737917211956,0.23558341999605123,8.542222074153634e-11,-1.433722749360011e-10
2015-08-03,43,0.5929622989939191,0.3931142983484584,0.00033753574493734784,0.25,0.013183542827793254,True,0,1.0,0.6551904972474307,0.7836549040312739,0.9827102324212456,0.062233979677468576,0.16315787254802694,0.23509647120938215,8.07225193174447e-11,-1.3937902202880585e-10
2015-08-17,43,0.5919652155352426,0.39196521553524266,0.00017722911538269048,0.25,0.012797231029317721,True,0,1.0,0.6532753592254045,0.7803317684233704,0.9799130355802178,0.06187633162444359,0.16287952486844626,0.2340995305270111,8.017486437186381e-11,-1.3935636784518808e-10
2015-08-31,43,0.5910848933554048,0.39108489335540486,0.0004287331309966308,0.25,0.013217178485991727,True,0,1.0,0.6518081555923415,0.7785991222363183,0.9777122302692332,0.06175670416838526,0.16244051763274286,0.2335797366708955,8.087462933041254e-11,-1.3627488140274476e-10
2015-09-15,43,0.5912347964739151,0.39123479647391507,6.573369777124194e-05,0.25,0.012759951778511565,True,0,1.0,0.6520579941231918,0.7804697557624137,0.9783483080767482,0.0619732152413878,0.16244299534797457,0.2341409267287241,8.205414065936199e-11,-1.3796076546174646e-10
2015-09-29,43,0.5879071282044243,0.3879071282044244,0.0021195621888954325,0.25,0.011892648062951485,True,0,1.0,0.6465118803407074,0.7660391396886568,0.9697678174438542,0.06046378865057126,0.1619088484526911,0.22981174190659703,8.095233705247639e-11,-1.346881992045894e-10
2015-10-13,43,0.5903758894920965,0.3916012091355523,0.0,0.25,0.012652226117774607,True,0,1.0,0.6526686818925872,0.7780381799840335,0.978831609067185,0.061595336713508156,0.16303723745679147,0.23341145399521002,8.216381126019928e-11,-1.4058492305444642e-10
2015-10-27,42,0.5924354100374499,0.39243541003744997,0.0009062212488217258,0.25,0.01267924115300228,True,0,1.0,0.6540590167290833,0.7823372100875341,0.983041382965716,0.06196313918298329,0.16369164920621876,0.23470116302626023,8.17830224110647e-11,-1.4271097610028638e-10
2015-11-10,44,0.5900518450536397,0.3900518450536396,0.00048486754442067515,0.25,0.012366522978663747,True,0,1.0,0.6500864084227327,0.7773721713162777,0.9769914692512544,0.06152552321920745,0.16267477426402466,0.23321165139488328,7.944791747495165e-11,-1.3772972809673357e-10
2015-11-24,44,0.590511929842457,0.3905119298656359,0.0003087988161031683,0.25,0.011922060653591852,True,0,1.0,0.6508532164427265,0.776015478032045,0.9784525524784012,0.06121791926214213,0.1633099334346245,0.2328046434096135,7.278646500157667e-11,-1.3204006846534633e-10
2015-12-09,44,0.5889147964313249,0.3889147964300584,0.0008139478679961148,0.25,0.011984981967318535,True,0,1.0,0.6481913273834307,0.7704167571627675,0.9739301245186471,0.06070540219748608,0.16274239879984748,0.23112502714883024,7.005656567169319e-11,-1.3068644534846935e-10
2015-12-23,44,0.5874560774175304,0.3874560774162903,0.0008318359265475916,0.25,0.012870675086507962,True,0,1.0,0.6457601290271505,0.7664872948885746,0.9700668264379689,0.06034644532132868,0.16217323157200667,0.22994618846657236,6.889241898781659e-11,-1.3041158157070579e-10
2016-01-08,44,0.5866329257188081,0.3866329257176225,0.0008441683573686548,0.25,0.012734110067029526,True,0,1.0,0.6443882095293708,0.7626428615525773,0.9675472791142997,0.05995961873769753,0.16198645898521793,0.22879285846577319,6.874130217439306e-11,-1.2490577640863134e-10
2016-01-25,44,0.5841599671478803,0.3841599671467565,0.0010164452967242887,0.25,0.013388210966189558,True,0,1.0,0.6402666119112609,0.7550186197014024,0.9603999148737447,0.05925461548888114,0.16099488012042829,0.22650558591042072,6.642810968086116e-11,-1.2165341992775335e-10
2016-02-08,44,0.5839801952433733,0.38426333987420824,0.0008455009243977657,0.25,0.013685108391193506,True,0,1.0,0.6404388997903471,0.7530653147760651,0.960304415901256,0.05891941429779898,0.16141625032936566,0.22591959443281953,6.705342216597679e-11,-1.2492629745162632e-10
2016-02-23,44,0.5860883464857027,0.3870453515148537,0.0006223235212889089,0.25,0.014144047021863775,True,0,1.0,0.6450755858580896,0.7619671635878987,0.9674658137490553,0.05974598271754922,0.16228837307953725,0.22859014907636963,7.145166893656617e-11,-1.3104102377763412e-10
2016-03-08,44,0.5906433690597601,0.39268152588497357,0.0022305700928867828,0.25,0.014121098819956967,True,0,1.0,0.6544692098082893,0.7749880798257244,0.9791561153486268,0.06098647703339818,0.1638710520431544,0.2324964239477173,7.9350225198521e-11,-1.4297320374043133e-10
2016-03-22,44,0.5925169112729406,0.39564315750082074,0.0023154460187605475,0.25,0.014565466253403046,True,0,1.0,0.6594052625013679,0.7810804208293474,0.9852000824617765,0.06159460066877746,0.16469082014732245,0.2343241262488042,8.795490119796001e-11,-1.5412245043883248e-10
2016-04-06,44,0.5921961829050923,0.3958566345748582,0.0016398035595103222,0.25,0.013995126835630542,True,0,1.0,0.6597610576247637,0.7800880244746137,0.9850660183559602,0.06146414895191822,0.1648174830742544,0.23402640734238409,8.369005421755944e-11,-1.5142940837130352e-10
2016-04-20,44,0.5929863239931032,0.39749515383734974,0.0013061018536833224,0.25,0.013992384310545686,True,0,1.0,0.6624919230622496,0.7859728102539325,0.9893578788662177,0.06211055209595221,0.165103114720987,0.23579184307617973,8.80836887030573e-11,-1.558868171730998e-10
2016-05-04,44,0.5924107624678309,0.3968585206589128,0.0011643025763470732,0.25,0.013990794486280697,True,0,1.0,0.6614308677648547,0.7825903292201702,0.9865866003412027,0.061814832365652425,0.1647518091499105,0.23477709876605107,9.195840272030679e-11,-1.60936784725729e-10
2016-05-18,44,0.5921400168435843,0.3964560930450914,0.00045491687094374733,0.25,0.014050751986686804,True,0,1.0,0.6607601550751523,0.7834237818034031,0.9857451336172871,0.06194810452912278,0.1643769382796601,0.23502713454102092,1.0368135330362403e-10,-1.7328686449717084e-10
2016-06-02,44,0.5936635385337109,0.39845638313034887,0.00044939352048820047,0.25,0.013989853163826463,True,0,1.0,0.6640939718839148,0.7875297372321081,0.9901498982208671,0.062303400858774484,0.16510144993540726,0.2362589211696324,1.081004038496898e-10,-1.7819138701240995e-10
2016-06-16,43,0.5931405447320908,0.3985158556179444,0.0019421325086362018,0.25,0.012728721469569049,True,0,1.0,0.664193092696574,0.7860939954521787,0.989570496589134,0.06211934584455632,0.16518355754163724,0.2358281986356536,1.0987519683621131e-10,-1.7911643514607755e-10
2016-06-30,44,0.5932639443555757,0.3999653752486871,0.0031059462667469145,0.25,0.01342541554714743,True,0,1.0,0.6666089587478118,0.7901746843888706,0.9926310132868063,0.06256451191350838,0.16540363613949546,0.2370524053166612,1.0834208628510444e-10,-1.7613005051453323e-10
2016-07-15,44,0.5941026567543738,0.401342230445578,0.0024449074071006965,0.25,0.013575289283907221,True,0,1.0,0.6689037174092967,0.7939056982296111,0.9943061050380827,0.06301237413666391,0.1654563035644474,0.23817170946888333,1.1010884746244063e-10,-1.8114972546868775e-10
2016-07-29,44,0.5936855508741301,0.4010055278787842,0.0007917110954962503,0.25,0.012672625963544203,True,0,1.0,0.6683425464646403,0.7923789634408204,0.9933638444585091,0.06285827342931473,0.16535421692966193,0.2377136890322461,1.0747681522362253e-10,-1.8298045560497719e-10
2016-08-12,44,0.5982291613684784,0.5982291613684784,0.19745329511733803,0.25,0.012770834974504878,True,0,1.0,0.9970486022807973,0.7964092489285257,0.9955728993475667,0.06330770219604288,0.16676497484958366,0.23892277467855771,1.1110932727423419e-10,-1.8913257435084545e-10
2016-08-26,44,0.5981801745726004,0.5981801745726004,0.00021160585242702146,0.25,0.012677234473135941,True,0,1.0,0.9969669576210007,0.7965848213104875,0.9954504324042232,0.06336116010494242,0.16662712516224504,0.23897544639314625,1.1090690683766842e-10,-1.872731262329485e-10
2016-09-12,44,0.597017437609886,0.597017437609886,0.000457348047575426,0.25,0.012902683461360379,True,0,1.0,0.9950290626831434,0.7950833370391932,0.9925435899899208,0.06327411318164199,0.16603409086192886,0.23852500111175795,1.1119972227412441e-10,-1.897797827328782e-10
2016-09-26,44,0.5978030810193905,0.5978030810193905,0.0,0.25,0.012913408749296086,True,0,1.0,0.9963384683656509,0.7974008560548882,0.9950504967934594,0.0634684378654382,0.16652746392302453,0.23922025681646644,1.1134376711237526e-10,-1.88877513102958e-10
2016-10-10,44,0.5985889168515214,0.5985889168515214,0.003444638816724188,0.25,0.012999758104043779,True,0,1.0,0.9976481947525356,0.7985766766737189,0.9973312687632228,0.0635393198274416,0.16674109796426229,0.23957300300211568,1.1865104477976115e-10,-1.9266299826021662e-10
2016-10-24,44,0.5984436597569218,0.5984436597569218,0.0003475087050629766,0.25,0.013039295785059649,True,0,1.0,0.9974060995948697,0.7979097718678907,0.996109145124705,0.06351138874956518,0.16656835183707924,0.2393729315603672,1.266097467593715e-10,-2.0131991839760029e-10
2016-11-07,44,0.5967521133385754,0.5967521133385754,0.0007015545398481454,0.25,0.013266251603293087,True,0,1.0,0.9945868555642923,0.7930121574137785,0.9918802791124122,0.06305881926003211,0.16590698854706068,0.23790364722413354,1.2280275476831364e-10,-2.0072842097874753e-10
2016-11-21,44,0.5898603385793274,0.5898603385793274,0.0019436626103639526,0.25,0.016416295535098303,True,0,1.0,0.983100564298879,0.780660644062574,0.9746508421586925,0.062315828305103925,0.16259524680243442,0.23419819321877217,1.2566890770664979e-10,-1.9505970968554085e-10
2016-12-06,44,0.5896444756020278,0.5896444756020278,0.0007149540672954785,0.25,0.016702738324432035,True,0,1.0,0.9827407926700464,0.7822147443954085,0.9744119538282211,0.06253003561410216,0.1624632187389354,0.23466442331862256,1.2930464436796525e-10,-1.9624548664063444e-10
2016-12-20,44,0.589496178617833,0.589496178617833,0.00044016162998207486,0.25,0.017086876567231984,True,0,1.0,0.9824936310297216,0.7826693303354769,0.9745562787793794,0.0625529109263587,0.1624316219027431,0.23480079910064305,1.249801595474851e-10,-1.8898417838148207e-10
2017-01-05,44,0.5916904039738456,0.5916904039738456,0.0006325982651001344,0.25,0.016603846152185523,True,0,1.0,0.9861506732897428,0.7890911727949889,0.9828987044042732,0.06297769903621335,0.16402876438191794,0.23672735183849666,1.2616044388603977e-10,-1.945492683822705e-10
2017-01-20,44,0.49220086866353674,0.49220086866353674,0.0999303186644433,0.25,0.016277789064954754,True,0,1.0,0.8203347811058946,0.7874893642988045,0.9805021673101569,0.0628696181216011,0.15692897363472535,0.2362468092896413,1.2637260737088919e-10,-1.9612251085361602e-10
2017-02-03,44,0.4929617022518305,0.4929617022510859,0.0007755729096915326,0.25,0.016011278029087042,True,0,1.0,0.8216028370851431,0.789985606934037,0.9824042512201958,0.06304552189214348,0.15728158140682913,0.23699568208021107,1.2714222664874686e-10,-2.004929237875812e-10
2017-02-17,44,0.49347151209149753,0.49347151209028195,0.00028737416963028894,0.25,0.015815383059577522,True,0,1.0,0.82245252015047,0.7908312000014804,0.983678775703915,0.06310504935404428,0.15755205660126748,0.23724936000044414,1.2987357523882657e-10,-2.0411304073459442e-10
2017-03-06,44,0.4936191619331473,0.4936191619328492,0.00034158508961323886,0.25,0.01577009337652175,True,0,1.0,0.8226986032214154,0.7917054270481843,0.9840479002546055,0.06317004431860705,0.15761669318839056,0.23751162811445528,1.3139453285724693e-10,-2.0503940000736805e-10
2017-03-20,44,0.493185506497984,0.49318550649768533,5.330164241136581e-05,0.25,0.016019460872569127,True,0,1.0,0.8219758441628089,0.7895679586151086,0.9829637616530882,0.06289768310412468,0.15761332806918127,0.23687038758453258,1.2888160467198635e-10,-2.0796919462146074e-10
2017-04-03,44,0.4952303168872186,0.4952303168872186,0.00032969886639032386,0.25,0.015789088942215958,True,0,1.0,0.8253838614786977,0.7936534917856096,0.9880757876096485,0.0632416265020294,0.15843565210310473,0.23809604753568286,1.3090593763779776e-10,-2.0973639101839925e-10
2017-04-18,44,0.4970523084016408,0.49705230840018183,0.00036272084619143265,0.25,0.015703467381559394,True,0,1.0,0.828420514000303,0.795737388567469,0.9926307665340833,0.06332307164276445,0.15935465983416594,0.2387212165702407,1.264565132975494e-10,-2.0479779131526681e-10
2017-05-02,44,0.4962730656894439,0.4962730656871012,0.0011768425183153741,0.25,0.01548160892851281,True,0,1.0,0.8271217761451687,0.7960199974666893,0.990682659746904,0.06343244947752821,0.15887681664795414,0.23880599924000678,1.2074796316056578e-10,-2.021544003993742e-10
2017-05-16,44,0.49682495272183325,0.49682495272183325,0.000513314678621063,0.25,0.012415885627790307,True,0,1.0,0.8280415878697222,0.7963715008217784,0.9920623772473502,0.06343956607382616,0.15912859194888423,0.2389114502465335,1.2307502026928697e-10,-2.0822720562666836e-10
2017-05-31,44,0.49826560235196016,0.49826560235196016,0.0004837954417119539,0.25,0.01098297751000938,True,0,1.0,0.8304426705866003,0.797938625569292,0.9956640013441143,0.06351294090389191,0.15979188537353217,0.23938158767078757,1.208082441532162e-10,-2.0652443584022547e-10
2017-06-14,43,0.4988927764683974,0.4988927764683974,0.0008224443060714653,0.25,0.010319995386796415,True,0,1.0,0.8314879607806623,0.7988135891689789,0.9972319366503103,0.06357523829543106,0.1601341245267784,0.23964407675069369,1.1662432635676016e-10,-2.0314598702944286e-10
2017-06-28,44,0.49874065552949565,0.49874065552949565,0.0008227150281837486,0.25,0.010084219214915478,True,0,1.0,0.8312344258824927,0.7974336412642862,0.9968516339926744,0.06346138579912973,0.16003937688451164,0.23923009237928586,1.3076814306042275e-10,-2.2471362575308576e-10
2017-07-13,43,0.4980214048597407,0.4980214048597407,0.00040630401487430634,0.25,0.01011472236975172,True,0,1.0,0.8300356747662345,0.7962156352236266,0.9950535073040689,0.06338692016120494,0.15970018758712506,0.23886469056708798,1.3174347296726245e-10,-2.267264525256948e-10
2017-07-27,44,0.49893865756910477,0.49893865756910477,0.0008301866738500002,0.25,0.009938558889367777,True,0,1.0,0.8315644292818413,0.7980897553031723,0.9973466390501292,0.06350612086428652,0.1601253723942159,0.23942692659095166,1.3372590748882335e-10,-2.306823126545489e-10
2017-08-10,44,0.597610117207339,0.597610117207339,0.10077628318533395,0.25,0.010342799996778918,True,0,1.0,0.9960168620122317,0.7936785012443393,0.9940252883007669,0.0630119182927315,0.16654646673121903,0.23810355037330178,1.2830179448145482e-10,-2.2423730062382334e-10
2017-08-24,44,0.5984086720466176,0.5984086720466176,0.0008692620192850969,0.25,0.010347146817454888,True,0,1.0,0.9973477867443628,0.7968638522908285,0.9965269692628459,0.06333500032434373,0.16684058597524504,0.23905915568724853,1.2955238180014282e-10,-2.2908203111572163e-10
2017-09-08,44,0.5988892465090081,0.5988892465090081,0.0017683053203052107,0.25,0.009738930566462673,True,0,1.0,0.9981487441816802,0.7967827608885965,0.9972231112560139,0.06329862819810374,0.1670303024913421,0.23903482826657893,1.3961731957057765e-10,-2.4819064225823684e-10
2017-09-22,44,0.5989503946958645,0.5989503946958645,0.0006981060047317883,0.25,0.008589367824784245,True,0,1.0,0.998250657826441,0.7976570205710971,0.9973759814614339,0.06346825271315325,0.16683502903921688,0.23929710617132913,1.530035476659499e-10,-2.6666044661018415e-10
2017-10-06,44,0.5989810847324335,0.5989810847324335,0.0006142727697906608,0.25,0.008558560962237725,True,0,1.0,0.9983018078873892,0.7974691740993632,0.9974527065164621,0.0634638086223589,0.1668485243203507,0.23924075222980898,1.5114113678003074e-10,-2.632523960986618e-10
2017-10-20,44,0.5989903685376815,0.5989903685376815,0.0005064712998906623,0.25,0.00840792066213796,True,0,1.0,0.9983172808961359,0.7979612057462953,0.9978930790948141,0.06349735626195689,0.16691848780669094,0.23938836172388858,1.569887941858081e-10,-2.7154493610487015e-10
2017-11-03,44,0.5990326165259214,0.5990326165259214,0.0006983509268315979,0.25,0.008372691691024755,True,0,1.0,0.9983876942098691,0.7978662826422765,0.9979996399771343,0.06349088428220868,0.16694878348159514,0.23935988479268297,1.6970147317797557e-10,-2.857936337017289e-10
2017-11-17,44,0.5982065907710441,0.5982065907710441,0.00024139271952471064,0.25,0.008530777658498452,True,0,1.0,0.9970109846184069,0.7958462939985727,0.9958675509386674,0.0632938885932889,0.1666412850419372,0.23875388819957177,1.7093910158010246e-10,-2.8877097844248627e-10
2017-12-04,44,0.5990410914196729,0.5990410914196729,0.0005351046040352747,0.25,0.008566851580943459,True,0,1.0,0.9984018190327881,0.798195997488183,0.9984802686195913,0.06347594211072505,0.16709943133850277,0.2394587992464549,1.6901712775077296e-10,-2.8934600588860743e-10
2017-12-18,44,0.599066285363764,0.599066285363764,0.0007164835350466081,0.25,0.008523620582219206,True,0,1.0,0.9984438089396068,0.7984367438396437,0.9988275578797327,0.06346582806073639,0.16720855542522625,0.2395310231518931,1.7378935542283381e-10,-3.011355382034913e-10
2018-01-03,44,0.5990122488159415,0.5990122488159415,0.0009030156420991981,0.25,0.00837040788319123,True,0,1.0,0.9983537480265692,0.7995671396388703,0.9991883868228818,0.06360685193583183,0.167115982105209,0.2398701418916611,1.8891076626672288e-10,-3.224849149425495e-10
2018-01-18,44,0.5979158173636226,0.5979158173636226,0.0002540300691469446,0.25,0.008046325421244812,True,0,1.0,0.9965263622727044,0.797752515583171,0.9963411030403049,0.06347906709245058,0.1666167353316458,0.2393257546749513,1.9091814186519386e-10,-3.3208021328300066e-10
2018-02-01,44,0.4971494913459465,0.4971494913419877,0.09979006996933378,0.25,0.008058193198636151,True,0,1.0,0.8285824855699796,0.7958086328449331,0.992873721928354,0.06336436354060276,0.15940827410353056,0.2387425898534799,1.9857017047776864e-10,-3.4632809983955043e-10
2018-02-15,44,0.49403444760998977,0.4940344476060133,0.0005600524849156788,0.25,0.009187685831613347,True,0,1.0,0.8233907460100222,0.7883109687008348,0.9850861127124492,0.06280704946095142,0.15793525557917254,0.23649329061025046,1.9391035968919938e-10,-3.41765174783248e-10
2018-03-02,44,0.49389033322195625,0.4938903332179746,7.77019341682561e-05,0.25,0.009945473052593459,True,0,1.0,0.8231505553632911,0.7885503220357478,0.9847258268198487,0.06281997893834657,0.15782268198800745,0.23656509661072433,1.9473172892887898e-10,-3.3572722437303073e-10
2018-03-16,44,0.5942748139535704,0.39427481395357056,0.10003600797253892,0.25,0.009734555889752935,True,0,1.0,0.6571246899226176,0.7889880747798206,0.9856870283051686,0.06284609360601265,0.15135882029178763,0.23669642243394617,2.122400847566634e-10,-3.642420400751666e-10
2018-04-02,44,0.5947128517656396,0.39471285176563947,0.00022426907379868855,0.25,0.01015814643745694,True,0,1.0,0.6578547529427324,0.7885800547467674,0.9867821230401947,0.06272349540946674,0.15173313547527334,0.2365740164240302,2.1167314071632275e-10,-3.610557509806502e-10
2018-04-16,44,0.5948289733525371,0.39546566701994407,0.0005054042922919849,0.25,0.010177287017785345,True,0,1.0,0.6591094450332401,0.7915076879156789,0.9878682928632756,0.06309459441199165,0.15167081351847433,0.2374523063747037,2.872346046480895e-10,-4.682997092042291e-10
2018-04-30,44,0.5923520649750935,0.39235206497509356,0.0005154107357791538,0.25,0.010307087185797422,True,0,1.0,0.6539201082918227,0.7850683558729287,0.9808801548401752,0.06260043601774788,0.1503762752293205,0.2355205067618786,2.9246009157682843e-10,-4.6437888905565165e-10
2018-05-14,44,0.5926417615299614,0.39278230063105946,4.343549831077598e-05,0.25,0.010527829209346582,True,0,1.0,0.6546371677184325,0.7849521251457506,0.9817800697298829,0.06261723183445737,0.1504094405620883,0.23548563754372517,3.133576404427104e-10,-4.868805709048799e-10
2018-05-29,44,0.5931213073634084,0.3931213073634116,0.0009254708636548091,0.25,0.01076301268866463,True,0,1.0,0.6552021789390193,0.7843000227622996,0.9828032605421885,0.06246960339590186,0.1508225770786352,0.23529000682868986,3.123186066544775e-10,-4.725590323829753e-10
2018-06-12,44,0.5911044447523203,0.39145780046044776,0.0008918658640500251,0.25,0.010536755980248612,True,0,1.0,0.6524296674340796,0.7813753178713722,0.9782027984919633,0.062373483498418855,0.1497372875706745,0.23441259536141165,3.135881579891255e-10,-4.781886713371625e-10
2018-06-26,44,0.5910343896093482,0.3910343896093482,0.000220573473577651,0.25,0.010492231126270984,True,0,1.0,0.6517239826822471,0.7803728671328399,0.9775859661521387,0.06227591889303773,0.14964003177897675,0.23411186013985197,3.049181332277371e-10,-4.6398032456662104e-10
2018-07-11,44,0.5927517862939148,0.39335439967960795,0.0003221138873052087,0.25,0.010648031294122296,True,0,1.0,0.6555906661326799,0.7843672995641222,0.9826327245508594,0.06250614334465943,0.15074369683411973,0.23531018986923666,2.9659094893430165e-10,-4.583925397819047e-10
2018-07-25,44,0.5932906354665894,0.39432444356687696,0.0001612672224821786,0.25,0.010769083820402234,True,0,1.0,0.657207405944795,0.7874756155849715,0.984518840953767,0.06279439510655034,0.150989072701961,0.23624268467549145,2.98089617997081e-10,-4.6468969674097656e-10
2018-08-08,44,0.5927039311713075,0.3935009566392534,0.0007480771179910195,0.25,0.010088946486138096,True,0,1.0,0.655834927732089,0.7855789310622144,0.9827561017982558,0.06266856548563017,0.15066575262695922,0.23567367931866431,2.9835480070530614e-10,-4.5917336479094657e-10
2018-08-22,44,0.5934970714375623,0.39393602812195816,9.692788619297366e-05,0.25,0.009027429512065517,True,0,1.0,0.6565600468699303,0.7857360363779232,0.9842913658524246,0.06266632203870344,0.15096692235062495,0.23572081091337696,3.3203157353001333e-10,-4.886424341580717e-10
2018-09-06,44,0.5924356042380502,0.39243560423805157,0.000390828615090232,0.25,0.0086916121848228,True,0,1.0,0.6540593403967526,0.7827394312412858,0.9810890020153953,0.06246477027763239,0.1503436815506992,0.23482182937238572,3.2685595006072193e-10,-4.823213935658032e-10
2018-09-20,44,0.5922000896443357,0.5922000896443357,0.2001804669462067,0.25,0.009160860681357023,True,0,1.0,0.9870001494072261,0.7841772870693586,0.980500214874788,0.06259640104262246,0.16358699481136008,0.2352531861208076,3.6494004800343674e-10,-5.190581765082327e-10
2018-10-04,44,0.5911591344982176,0.5911591344982176,0.00040943392376510413,0.25,0.009186055754816716,True,0,1.0,0.985265224163696,0.7826621716556058,0.9778978265469809,0.06250210996823807,0.16307122201475938,0.23479865149668172,4.094792499591376e-10,-5.405972060630063e-10
2018-10-18,44,0.5898215683278656,0.5898215683278656,0.000557328913495771,0.25,0.009409893293483285,True,0,1.0,0.9830359472131094,0.7788266348284554,0.9745539113782096,0.06213157075066118,0.16263249753169037,0.2336479904485366,4.02289993428016e-10,-5.327381114502478e-10
2018-11-01,44,0.5892885942167596,0.5892885942167596,0.00034315619536721845,0.25,0.009607004369944631,True,0,1.0,0.9821476570279327,0.7774548313773374,0.9732214761263785,0.062023053930065554,0.16238963227471775,0.2332364494132012,3.9193456542067943e-10,-5.319534136642138e-10
2018-11-15,44,0.5880566275368622,0.5880566275368622,0.0005199965330201683,0.25,0.00914586073237346,True,0,1.0,0.9800943792281036,0.7731198353290305,0.9701415594350763,0.061597321099807034,0.16195482631731925,0.23193595059870914,3.9234165414666817e-10,-5.270763354820711e-10
2018-11-30,44,0.5880394745432891,0.5880394745432891,0.0004276358693138293,0.25,0.009613445255367076,True,0,1.0,0.9800657909054818,0.7725133310336512,0.9700986754005488,0.06153914782950076,0.16191314457530712,0.23175399931009533,4.953572002254965e-10,-6.121605039864375e-10
2018-12-17,44,0.589314857692084,0.589314857692084,0.0004890628334878368,0.25,0.009874990090357536,True,0,1.0,0.9821914294868067,0.7736398266418022,0.9732871314201693,0.06147609676475382,0.16286136164556403,0.23209194799254065,6.279000399354994e-10,-7.321473586352536e-10
2019-01-02,44,0.5885888749601468,0.5885888749601468,0.0010319906881573748,0.25,0.010399662713721116,True,0,1.0,0.9809814582669113,0.7700023449742937,0.9714721747326012,0.06101835136072545,0.16296652646487905,0.2310007034922881,5.972039332267088e-10,-7.282112931524971e-10
2019-01-16,44,0.5921702855109974,0.5921702855109974,0.0011135458597718892,0.25,0.010840046804150662,True,0,1.0,0.9869504758516623,0.7827169518775547,0.9804257000864554,0.062317852430610145,0.16386597390203647,0.2348150855632664,6.689939237207234e-10,-7.893461372553923e-10
2019-01-31,44,0.5970603249091483,0.5970603249091483,0.001992295185238066,0.25,0.011491965397692656,True,0,1.0,0.9951005415152472,0.792749887371819,0.9926507982036303,0.06305459577345399,0.16608165907435518,0.23782496621154567,6.691295466372063e-10,-8.074759076175373e-10
2019-02-14,44,0.5969199426848035,0.5969199426848035,0.00042604728111497633,0.25,0.011515864583367163,True,0,1.0,0.9948665711413393,0.7929500650122457,0.9922998417292678,0.06312495570959831,0.1658903813669039,0.23788501950367372,7.089960448504667e-10,-8.494805005764187e-10
2019-03-01,44,0.5969857781325381,0.5969857781325381,0.0008598272182393368,0.25,0.011602056337332236,True,0,1.0,0.9949762968875635,0.7937327368060295,0.9924644300610624,0.06320905357352016,0.16583816003288598,0.23811982104180884,7.233369291930552e-10,-8.656346483774397e-10
2019-03-15,44,0.5983209440502193,0.5983209440502193,0.00047137332364715354,0.25,0.01148607677243601,True,0,1.0,0.9972015734170322,0.7960550251966851,0.9958023439981403,0.06335059393748853,0.16655188761499748,0.23881650755900555,7.70060955198613e-10,-9.171219222538013e-10
2019-03-29,44,0.5993339080320136,0.5993339080320136,0.002039778700460105,0.25,0.011562057390169599,True,0,1.0,0.9988898467200227,0.7982237375076777,0.9983347538996692,0.06351525837335746,0.16702248776360815,0.23946712125230332,7.780016219468116e-10,-9.196823945050084e-10
2019-04-12,44,0.5991180319553101,0.5991180319553101,0.0016806146764842289,0.25,0.0110404227104045,True,0,1.0,0.9985300532588502,0.7976480673174781,0.9977950631101357,0.06347600823703012,0.16692174548158084,0.2392944201952434,7.997173724089646e-10,-9.37484034097756e-10
2019-04-29,44,0.6000000006667768,0.6000000006667768,0.0017523221381594305,0.25,0.010712389250283148,True,0,1.0,1.0000000011112948,0.7977350394724785,0.9978720896818639,0.06348193842871937,0.16727634632224708,0.23932051184174355,8.445094807489026e-10,-9.838424231400814e-10
2019-05-13,44,0.5994050677703998,0.5994050677703998,0.0027857827743023237,0.25,0.01079248297698912,True,0,1.0,0.9990084462839998,0.7961226780412222,0.9963650106636457,0.06337200452722393,0.1669984249972739,0.23883680341236663,8.282506404778952e-10,-9.588617790510456e-10
2019-05-28,44,0.5999999997357702,0.5999999995155662,0.0008702460051365187,0.25,0.010393757050359173,True,0,1.0,0.9999999991926103,0.7976217314233944,0.9978401868582968,0.06345897682720808,0.16730552550976494,0.2392865194270183,-1.572629896826694e-11,1.3936403750481811e-11
2019-06-11,44,0.6000000002200165,0.6000000000027477,0.003902920490557571,0.25,0.010071254633219116,True,0,1.0,1.0000000000045794,0.7971151499186769,0.9978363624390076,0.0633216526629117,0.1675064243773137,0.23913454497560307,-1.4747799685658262e-11,1.3610274944952903e-11
2019-06-25,45,0.600000001417734,0.600000001417734,0.002966859489295648,0.25,0.010711905254268994,True,0,1.0,1.00000000236289,0.7972613288850084,0.9978268469940205,0.06336359635710113,0.16744363927473585,0.23917839866550253,1.5586489007538403e-10,-1.4505519914581063e-10
2019-07-10,45,0.6000000001605457,0.6000000001605457,0.0018262787909923742,0.25,0.01058203865570514,True,0,1.0,1.0000000002675762,0.7971176402338013,0.9978382301753509,0.06332192448537316,0.16750627491366726,0.23913529207014037,2.8207487700323576e-11,-2.8303543474029652e-11
2019-07-24,45,0.6000000001181867,0.6000000001181867,0.0017890621161813973,0.25,0.010674536901842576,True,0,1.0,1.0000000001969778,0.7968834703623473,0.9976626027717606,0.06329637873408366,0.1675203250524729,0.2390650411087042,4.293748962020436e-11,-4.620312469138275e-11
2019-08-07,45,0.5987374218239356,0.5987374216671644,0.0024990617451214336,0.25,0.010647231615156745,True,0,1.0,0.9978957027786073,0.7927800863060396,0.9944624830986167,0.06287548169648687,0.16720592677727916,0.23783402589181185,-1.401475320977462e-11,8.868000655296182e-12
2019-08-21,45,0.598932372966171,0.598932372966171,0.002235154321789417,0.25,0.010955722473707711,True,0,1.0,0.998220621610285,0.7936404080739723,0.9949380493449824,0.06300635515972422,0.1671553682639746,0.2380921224221917,1.952762689897331e-11,-2.3774797355064663e-11
2019-09-05,45,0.5995799429710973,0.5995799429710973,0.0010121921799672166,0.25,0.01109753808381442,True,0,1.0,0.9992999049518289,0.796404324405415,0.9965553500680835,0.0632713043114682,0.16727468398404927,0.23892129732162448,1.6266101086547304e-11,-2.028160316374616e-11
2019-09-19,45,0.5988067093967406,0.5988067093967406,0.0009954126587248394,0.25,0.011884205228224294,True,0,1.0,0.9980111823279011,0.795812301934406,0.99464758122877,0.06331556065644288,0.16669757352070322,0.2387436905803218,6.934208841737562e-11,-6.811228118134557e-11
2019-10-03,45,0.5982589916684011,0.5982589916684011,0.0012000397369225577,0.25,0.012111233539967022,True,0,1.0,0.9970983194473353,0.7918999800381493,0.9932434281683935,0.06289566317781926,0.16682382407191657,0.2375699940114448,8.801157126685692e-11,-8.743120938401689e-11
2019-10-17,45,0.5988951508288985,0.5988951508288985,0.0007324241699257478,0.25,0.012303015815593388,True,0,1.0,0.998158584714831,0.7951198334391733,0.9948639101160497,0.06325645692067935,0.16680522506114226,0.23853595003175196,1.1359639032508627e-10,-1.1321775089826494e-10
2019-10-31,45,0.5992067826614941,0.5992067826614941,0.00022768046652411889,0.25,0.012298742681092335,True,0,1.0,0.9986779711024901,0.7950556206754952,0.995633851580335,0.0631963959228971,0.16708996340886845,0.23851668620264854,1.4492347609551327e-10,-1.456361534040671e-10
2019-11-14,45,0.598748628284626,0.598748628284626,0.0004391023822026767,0.25,0.012449191390807357,True,0,1.0,0.9979143804743767,0.7945091132993882,0.9945037800017571,0.06321108265182755,0.1667547315793697,0.23835273398981646,1.7076962750885013e-10,-1.7279674586868054e-10
2019-11-29,45,0.5991572734398106,0.5991572734398106,0.0009575263319716296,0.25,0.012459103258838635,True,0,1.0,0.9985954557330178,0.7952189297683567,0.9955177466578343,0.06331038244017097,0.16687671535974277,0.238565678930507,2.2816191487494357e-10,-2.4565588574157567e-10
2019-12-13,45,0.6000000000665086,0.6000000000665086,0.002145483410323106,0.25,0.01256079301253519,True,0,1.0,1.0000000001108476,0.7989441140023534,0.9988012719532999,0.06356943413927782,0.16730879245767255,0.23968323420070603,1.7001933150150452e-11,5.110743298428905e-11
2019-12-30,45,0.6000000005218112,0.6000000005218112,0.001443540633141907,0.25,0.011519444061984095,True,0,1.0,1.0000000008696854,0.7998120541300254,0.9992952029875949,0.06363636395226639,0.16733333331694686,0.23994361623900762,7.50261455408959e-11,-9.061235305590012e-12
2020-01-14,45,0.6000000000543458,0.6000000000543458,0.0010522087057982799,0.25,0.011073321311733372,True,0,1.0,1.0000000000905764,0.7997131356359604,0.9995857904476341,0.06361680485232304,0.16731453974657995,0.2399139406907881,6.049534273719023e-12,-1.906930053189293e-11
2020-01-29,45,0.599203998225622,0.5992039977437732,0.0025215948075726496,0.25,0.011128981108167605,True,0,1.0,0.9986733295729554,0.7967880749666717,0.9975910561208314,0.06328597176078016,0.16720764818922043,0.2390364224900015,-3.967363561398502e-11,3.780868361401997e-11
2020-02-12,45,0.600000000460202,0.6000000000232301,0.0010869164957056842,0.25,0.010346128764372598,True,0,1.0,1.0000000000387168,0.7997418455042733,0.9998063841282049,0.06360820123447558,0.1673488226937096,0.23992255365128198,-3.545834036526601e-11,3.434188106422377e-11
2020-02-27,45,0.5960760762588783,0.5960760758491731,0.0029439779693063535,0.25,0.010746674865219857,True,0,1.0,0.9934601264152886,0.7874036666782384,0.9899917581288367,0.06238461632842138,0.16626522742938699,0.2362211000034715,-3.3948438330101215e-11,3.284820434989615e-11
2020-03-12,45,0.570950356394981,0.5709503560218575,0.009145839361218188,0.25,0.029266578894112424,True,0,1.0,0.9515839267030959,0.7305442567565045,0.9271645780472157,0.057919301494704006,0.15573979751252995,0.21916327702695135,-3.222875735862608e-11,3.054349752185984e-11
2020-03-26,45,0.5752592845553222,0.5752592845244661,0.0023626696076291197,0.25,0.05229769228349751,True,0,1.0,0.9587654742074435,0.7327264911958093,0.9391863163855848,0.057678732471556776,0.15844780028997052,0.2198179473587428,8.728843895712794e-12,-1.6355301794889266e-11
2020-04-09,45,0.5822311388492195,0.5822311388492195,0.006159144501586889,0.25,0.057935073771663397,True,0,1.0,0.9703852314153659,0.755156204379787,0.9553689929335751,0.060093540906831146,0.16043396827261455,0.2265468613139361,5.309546860116423e-11,-6.887139854600647e-11
2020-04-24,45,0.5758216527996775,0.5758216527996775,0.0020986382739930504,0.25,0.057339415383372803,True,0,1.0,0.9597027546661291,0.7363733348675383,0.9393413089522282,0.05830695864082506,0.1584191079731986,0.2209120004602615,4.7953360954424514e-11,-6.684770714896488e-11
2020-05-08,45,0.5784965821372205,0.5784965821372205,0.0007816673266013397,0.25,0.05814570996614406,True,0,1.0,0.964160970228701,0.7473519130618431,0.9460309882225978,0.05926619167664429,0.15901094838654145,0.22420557391855292,5.3750251621132246e-11,-7.377878068617829e-11
2020-05-22,45,0.5846261275064968,0.5846261275064968,0.001987890373089367,0.25,0.05953170308260677,True,0,1.0,0.9743768791774947,0.7600116359687413,0.961356323793884,0.0602062483197032,0.16175197854259019,0.22800349079062238,4.428503913851197e-11,-6.22365690078259e-11
2020-06-08,45,0.5906032355131287,0.5906032355131287,0.002011860843524023,0.25,0.0607700590264464,True,0,1.0,0.9843387258552144,0.7786845569461425,0.9763041767470715,0.061966370088901344,0.16376602673247156,0.23360536708384272,6.1396886290391e-11,-8.517297500997326e-11
2020-06-22,45,0.5894600421628315,0.5894600421628315,0.0009028023758475834,0.25,0.06105850384145634,True,0,1.0,0.9824334036047193,0.7724505084733636,0.9734438546925942,0.06123910315293587,0.1637138582417502,0.23173515254200908,6.076641230180589e-11,-8.408031934801416e-11
2020-07-07,45,0.5896530784803096,0.5896530784803096,0.0016850850488986657,0.25,0.061239944602155164,True,0,1.0,0.982755130800516,0.7725967724716093,0.9739258643668032,0.06116923275358559,0.1639620295936004,0.2317790317414828,1.2282847494827915e-10,-1.6185665449370036e-10
2020-07-21,45,0.5928952091412665,0.5928952091412665,0.0023390827139004172,0.25,0.061913421755072716,True,0,1.0,0.9881586819021109,0.7824359966291775,0.9820319048729766,0.06209828548391291,0.16496404294261174,0.23473079898875324,1.349775929034431e-10,-1.8018773402309173e-10
2020-08-04,45,0.6000000000803895,0.6000000000803895,0.006115692310685716,0.25,0.06258522897772434,True,0,1.0,1.0000000001339824,0.7895411894488914,0.991711580389249,0.06259234375181819,0.16797495032111034,0.23686235683466741,1.526550375727623e-10,-1.9878265717259704e-10
2020-08-18,45,0.6000000004658835,0.6000000004658835,0.0025846075402897323,0.25,0.0624316908007491,True,0,1.0,1.0000000007764727,0.7866925463782296,0.9870486370725914,0.062384292641568403,0.16789239618477578,0.23600776391346887,2.1242942733021533e-10,-2.7967186845890465e-10
2020-09-01,45,0.6000000003331851,0.6000000003331851,0.0011807852013680088,0.25,0.06230954640271664,True,0,1.0,1.0000000005553087,0.7878839739477077,0.9869745514350767,0.062480323394127846,0.16799058463171798,0.23636519218431232,7.182248815118494e-11,-1.95711766838311e-10
2020-09-16,45,0.6000000003397064,0.6000000003392252,0.0011362140352983352,0.25,0.04128407698785747,True,0,1.0,1.0000000005653753,0.7853538334376391,0.9863342078996463,0.06220411107178131,0.16807335963604642,0.2356061500312917,1.0748289189264936e-10,-2.5420485473825217e-10
2020-09-30,45,0.6000000020460218,0.6000000020448136,0.003795001015885208,0.25,0.027753361847785235,True,0,1.0,1.0000000034080228,0.7786340592061909,0.9796407358520443,0.06168799324080542,0.16815150324655395,0.23359021776185726,3.3939604332570806e-10,-6.18882972813639e-10
2020-10-14,45,0.6000000000843498,0.6000000000843498,0.0030229047519819553,0.25,0.018905415490303386,True,0,1.0,1.000000000140583,0.7785291266293407,0.9796764293666128,0.06155410858535417,0.16854753722250113,0.2335587379888022,9.032893351579611e-12,-1.5107266632563912e-10
2020-10-28,45,0.600000000108796,0.600000000108796,0.003288934901421425,0.25,0.017406578340515916,True,0,1.0,1.0000000001813267,0.7710304237297926,0.9743193062877414,0.06086009650899193,0.16877743223282982,0.23130912711893775,2.1928489452697188e-11,-1.685790859493936e-10
2020-11-11,45,0.5999999996493939,0.5999999995965394,0.005955866795680315,0.25,0.017586258547728106,True,0,1.0,0.9999999993275657,0.773521870941398,0.9748560780528918,0.06133951293791349,0.16815728218294837,0.2320565612824194,-2.4213566207703082e-12,-1.3010667345602378e-10
2020-11-25,45,0.6000000003700581,0.6000000003700581,0.002049820163812412,0.25,0.01647310909834632,True,0,1.0,1.0000000006167635,0.7763912937119881,0.9791518133469281,0.06156924372556227,0.16899411152510085,0.23291738811359644,5.3911210761385515e-11,-2.0960647423108842e-10
2020-12-10,45,0.6000000000848144,0.6000000000848144,0.0013728427998640352,0.25,0.014284930110296374,True,0,1.0,1.0000000001413574,0.7803719920765253,0.9820584478576713,0.06193851563693404,0.16934353631190668,0.23411159762295758,4.116627835419155e-11,-2.1619944389178725e-10
2020-12-24,45,0.6000000001046707,0.6000000001046707,0.0014557222281826182,0.25,0.013765709744624769,True,0,1.0,1.0000000001744511,0.7840989792354544,0.9857228891060124,0.06225768221305829,0.16992494740971475,0.2352296937706363,5.4837645940449917e-11,-2.360743421208824e-10
