segment,sleeve,gross_return_contribution,long_return_contribution,short_return_contribution,average_gross_weight
train,commodity,2.468009710431884e-12,-2.4425187471808688e-14,2.4924348979036926e-12,2.1590142484440556e-12
train,credit,0.12771959645954784,0.12771959645956185,-1.4031441899439139e-14,0.29127810874635723
train,equity,0.060701986740586696,0.0607019867411212,-5.344916502421551e-13,0.04809212714941174
train,metals,1.0834500932271294e-12,1.2805806003068874e-12,-1.9713050707975793e-13,1.2631004100274038e-12
train,rates,0.03792345004355071,0.037683842941131335,0.00023960710241938536,0.268698485151337
train,usd,-0.001615042437179843,-0.0014746846887703409,-0.0001403577484095022,0.0014648710147810845
development,commodity,-0.00012776322875132507,-3.072917090606668e-11,-0.000127763198022154,0.0006602554542595844
development,credit,0.07742757213984097,0.07742757213987518,-3.422934686071001e-14,0.32666253153319535
development,equity,0.059594013523896316,0.05959401353437503,-1.0478716437199452e-11,0.0986717597263884
development,metals,2.012228314382449e-11,2.002072260597557e-11,1.0156053784892293e-13,2.356296702797215e-11
development,rates,0.012310095415729128,0.013179693904821932,-0.0008695984890928052,0.21639414555949776
development,usd,-0.0017083626910223454,5.46216108594706e-12,-0.001708362696484506,0.036637238144962773
