segment,year,sessions,gross_return_contribution,long_return_contribution,short_return_contribution,transaction_cost,borrow_cost,net_return_arithmetic,net_return_compounded
train,2008,253,0.006098573665628628,0.006098573660970108,4.658519093781264e-12,4.232444895452254e-05,7.821289296990324e-14,0.006056249216595891,0.006068514152774318
train,2009,252,0.0006519575670785008,0.0006519575685727561,-1.4942548134016238e-12,8.653523791155796e-05,6.793225503174939e-14,0.0005654223290990103,0.0005368998262180735
train,2010,252,0.028235897943519807,0.02823589794388834,-3.6852143166339593e-13,1.2476092096389096e-05,1.92204616737226e-14,0.028223421851404196,0.02846610133119154
train,2011,252,0.04313586072880662,0.04313586072883974,-3.311283833829548e-14,9.252858119065156e-06,1.4153403096145333e-14,0.043126607870673406,0.043905967363560894
train,2012,250,0.05038829522742421,0.050366149439780204,2.2145787643997915e-05,9.383807528760738e-05,0.0009890551943089586,0.04930540195782765,0.05036359679153768
train,2013,252,0.0082582157244784,0.008172223962212233,8.599176226615829e-05,1.1882631836998024e-05,0.0009904447599855671,0.007255888332655832,0.006724283524455199
train,2014,252,0.04220136960822548,0.042276003056877245,-7.46334486517874e-05,1.7827558163273255e-05,0.0010022378641197298,0.041181304185942465,0.04185230402840068
train,2015,252,0.003665637483036689,0.003535057594364648,0.000130579888672025,7.306800375080508e-06,0.000998650324492604,0.002659680358169,0.002333776005061239
train,2016,252,0.04209418286185855,0.04215901749879491,-6.483463693635943e-05,8.694611611321295e-05,0.0006036355953201748,0.041403601150425164,0.041998625085483354
development,2017,251,0.04783818880984213,0.04826379586003875,-0.00042560705019660744,0.0002475633510586576,0.0003575248456414502,0.04723310061314202,0.04813268823742867
development,2018,251,-0.009283284953732807,-0.008692125455051174,-0.000591159498681639,9.103531241617477e-05,0.0006494053050569574,-0.010023725571205951,-0.010244901764269287
development,2019,252,0.0719860885207022,0.0719593522701745,2.673625052767919e-05,4.4681210329803394e-05,0.0004183156035628396,0.07152309170680954,0.07394673818548192
development,2020,253,0.03695456280300354,0.038670256898663796,-0.0017156940956602846,0.00010935806532854506,0.0010357199342582253,0.03580948480341675,0.03399014482242246
